test	command	environment	exit	duration_s	errors	definitely_lost	log
test_consttime	/home/user/AMA-Cryptography/build-valgrind/bin/test_consttime		0	0	0	n/a	docs/audit/logs/phaseD/valgrind/test_consttime.log
test_core	/home/user/AMA-Cryptography/build-valgrind/bin/test_core		0	0	0	n/a	docs/audit/logs/phaseD/valgrind/test_core.log
test_secure_memory_dontdump	/home/user/AMA-Cryptography/build-valgrind/bin/test_secure_memory_dontdump		0	1	0	n/a	docs/audit/logs/phaseD/valgrind/test_secure_memory_dontdump.log
test_secure_free_scrub	/home/user/AMA-Cryptography/build-valgrind/bin/test_secure_free_scrub		0	83	0	n/a	docs/audit/logs/phaseD/valgrind/test_secure_free_scrub.log
test_secure_free_scrub_negative	/home/user/AMA-Cryptography/build-valgrind/bin/test_secure_free_scrub "negative"		0	99	0	n/a	docs/audit/logs/phaseD/valgrind/test_secure_free_scrub_negative.log
test_aes_gcm_scalar_kat	/home/user/AMA-Cryptography/build-valgrind/bin/test_aes_gcm_scalar_kat		0	7	0	n/a	docs/audit/logs/phaseD/valgrind/test_aes_gcm_scalar_kat.log
test_sha512_kat	/home/user/AMA-Cryptography/build-valgrind/bin/test_sha512_kat		0	1	0	n/a	docs/audit/logs/phaseD/valgrind/test_sha512_kat.log
test_aes_gcm_backend_introspect	/home/user/AMA-Cryptography/build-valgrind/bin/test_aes_gcm_backend_introspect		0	1	0	n/a	docs/audit/logs/phaseD/valgrind/test_aes_gcm_backend_introspect.log
test_dispatch_only_sha3-avx512x4	/home/user/AMA-Cryptography/build-valgrind/bin/test_dispatch_only_env	AMA_DISPATCH_ONLY=sha3-avx512x4 AMA_DISPATCH_NO_AUTOTUNE=1	77	1	0	n/a	docs/audit/logs/phaseD/valgrind/test_dispatch_only_sha3-avx512x4.log
test_dispatch_only_kyber-ntt-avx2	/home/user/AMA-Cryptography/build-valgrind/bin/test_dispatch_only_env	AMA_DISPATCH_ONLY=kyber-ntt-avx2 AMA_DISPATCH_NO_AUTOTUNE=1	77	1	0	n/a	docs/audit/logs/phaseD/valgrind/test_dispatch_only_kyber-ntt-avx2.log
test_dispatch_only_dilithium-ntt-avx2	/home/user/AMA-Cryptography/build-valgrind/bin/test_dispatch_only_env	AMA_DISPATCH_ONLY=dilithium-ntt-avx2 AMA_DISPATCH_NO_AUTOTUNE=1	77	1	0	n/a	docs/audit/logs/phaseD/valgrind/test_dispatch_only_dilithium-ntt-avx2.log
test_dispatch_only_chacha20-avx2x8	/home/user/AMA-Cryptography/build-valgrind/bin/test_dispatch_only_env	AMA_DISPATCH_ONLY=chacha20-avx2x8 AMA_DISPATCH_NO_AUTOTUNE=1	77	1	0	n/a	docs/audit/logs/phaseD/valgrind/test_dispatch_only_chacha20-avx2x8.log
test_dispatch_only_argon2-g-avx2	/home/user/AMA-Cryptography/build-valgrind/bin/test_dispatch_only_env	AMA_DISPATCH_ONLY=argon2-g-avx2 AMA_DISPATCH_NO_AUTOTUNE=1	77	1	0	n/a	docs/audit/logs/phaseD/valgrind/test_dispatch_only_argon2-g-avx2.log
test_dispatch_only_aes-gcm-neon	/home/user/AMA-Cryptography/build-valgrind/bin/test_dispatch_only_env	AMA_DISPATCH_ONLY=aes-gcm-neon AMA_DISPATCH_NO_AUTOTUNE=1	77	1	0	n/a	docs/audit/logs/phaseD/valgrind/test_dispatch_only_aes-gcm-neon.log
test_dispatch_only_chacha20-neon	/home/user/AMA-Cryptography/build-valgrind/bin/test_dispatch_only_env	AMA_DISPATCH_ONLY=chacha20-neon AMA_DISPATCH_NO_AUTOTUNE=1	77	0	0	n/a	docs/audit/logs/phaseD/valgrind/test_dispatch_only_chacha20-neon.log
test_dispatch_only_sha3-neon	/home/user/AMA-Cryptography/build-valgrind/bin/test_dispatch_only_env	AMA_DISPATCH_ONLY=sha3-neon AMA_DISPATCH_NO_AUTOTUNE=1	77	1	0	n/a	docs/audit/logs/phaseD/valgrind/test_dispatch_only_sha3-neon.log
test_dispatch_only_kyber-ntt-neon	/home/user/AMA-Cryptography/build-valgrind/bin/test_dispatch_only_env	AMA_DISPATCH_ONLY=kyber-ntt-neon AMA_DISPATCH_NO_AUTOTUNE=1	77	1	0	n/a	docs/audit/logs/phaseD/valgrind/test_dispatch_only_kyber-ntt-neon.log
test_dispatch_only_dilithium-ntt-neon	/home/user/AMA-Cryptography/build-valgrind/bin/test_dispatch_only_env	AMA_DISPATCH_ONLY=dilithium-ntt-neon AMA_DISPATCH_NO_AUTOTUNE=1	77	1	0	n/a	docs/audit/logs/phaseD/valgrind/test_dispatch_only_dilithium-ntt-neon.log
test_dispatch_only_argon2-g-neon	/home/user/AMA-Cryptography/build-valgrind/bin/test_dispatch_only_env	AMA_DISPATCH_ONLY=argon2-g-neon AMA_DISPATCH_NO_AUTOTUNE=1	77	1	0	n/a	docs/audit/logs/phaseD/valgrind/test_dispatch_only_argon2-g-neon.log
test_dispatch_only_kyber-sve2	/home/user/AMA-Cryptography/build-valgrind/bin/test_dispatch_only_env	AMA_DISPATCH_ONLY=kyber-sve2 AMA_DISPATCH_NO_AUTOTUNE=1	77	1	0	n/a	docs/audit/logs/phaseD/valgrind/test_dispatch_only_kyber-sve2.log
test_dispatch_only_sha3-sve2	/home/user/AMA-Cryptography/build-valgrind/bin/test_dispatch_only_env	AMA_DISPATCH_ONLY=sha3-sve2 AMA_DISPATCH_NO_AUTOTUNE=1	77	1	0	n/a	docs/audit/logs/phaseD/valgrind/test_dispatch_only_sha3-sve2.log
test_dispatch_only_x25519-avx2	/home/user/AMA-Cryptography/build-valgrind/bin/test_dispatch_only_env	AMA_DISPATCH_ONLY=x25519-avx2 AMA_DISPATCH_USE_X25519_AVX2=1 AMA_DISPATCH_NO_AUTOTUNE=1	77	2	0	n/a	docs/audit/logs/phaseD/valgrind/test_dispatch_only_x25519-avx2.log
test_dispatch_cache_file	/home/user/AMA-Cryptography/build-valgrind/bin/test_dispatch_cache_file		0	1	0	n/a	docs/audit/logs/phaseD/valgrind/test_dispatch_cache_file.log
test_sha3	/home/user/AMA-Cryptography/build-valgrind/bin/test_sha3		0	1	0	n/a	docs/audit/logs/phaseD/valgrind/test_sha3.log
test_sha3_512_stream	/home/user/AMA-Cryptography/build-valgrind/bin/test_sha3_512_stream		0	2	0	n/a	docs/audit/logs/phaseD/valgrind/test_sha3_512_stream.log
test_sha3_x4	/home/user/AMA-Cryptography/build-valgrind/bin/test_sha3_x4		0	2	0	n/a	docs/audit/logs/phaseD/valgrind/test_sha3_x4.log
test_hkdf	/home/user/AMA-Cryptography/build-valgrind/bin/test_hkdf		0	1	0	n/a	docs/audit/logs/phaseD/valgrind/test_hkdf.log
test_agent_binding	/home/user/AMA-Cryptography/build-valgrind/bin/test_agent_binding		0	1	0	n/a	docs/audit/logs/phaseD/valgrind/test_agent_binding.log
test_ascon	/home/user/AMA-Cryptography/build-valgrind/bin/test_ascon		0	1	0	n/a	docs/audit/logs/phaseD/valgrind/test_ascon.log
test_lms	/home/user/AMA-Cryptography/build-valgrind/bin/test_lms		0	22	0	n/a	docs/audit/logs/phaseD/valgrind/test_lms.log
test_ed25519	/home/user/AMA-Cryptography/build-valgrind/bin/test_ed25519		0	1	0	n/a	docs/audit/logs/phaseD/valgrind/test_ed25519.log
test_ed25519_unaligned_input	/home/user/AMA-Cryptography/build-valgrind/bin/test_ed25519_unaligned_input		0	2	0	n/a	docs/audit/logs/phaseD/valgrind/test_ed25519_unaligned_input.log
test_ed25519_canonical_s	/home/user/AMA-Cryptography/build-valgrind/bin/test_ed25519_canonical_s		0	1	0	n/a	docs/audit/logs/phaseD/valgrind/test_ed25519_canonical_s.log
test_ed25519_canonical_r	/home/user/AMA-Cryptography/build-valgrind/bin/test_ed25519_canonical_r		0	2	0	n/a	docs/audit/logs/phaseD/valgrind/test_ed25519_canonical_r.log
test_ed25519_scalarmult_contract	/home/user/AMA-Cryptography/build-valgrind/bin/test_ed25519_scalarmult_contract		0	9	0	n/a	docs/audit/logs/phaseD/valgrind/test_ed25519_scalarmult_contract.log
test_x25519	/home/user/AMA-Cryptography/build-valgrind/bin/test_x25519		0	14	0	n/a	docs/audit/logs/phaseD/valgrind/test_x25519.log
test_x25519_path	/home/user/AMA-Cryptography/build-valgrind/bin/test_x25519_path		0	1	0	n/a	docs/audit/logs/phaseD/valgrind/test_x25519_path.log
test_x25519_field_equiv	/home/user/AMA-Cryptography/build-valgrind/bin/test_x25519_field_equiv		0	11	0	n/a	docs/audit/logs/phaseD/valgrind/test_x25519_field_equiv.log
test_field_bench	/home/user/AMA-Cryptography/build-valgrind/bin/test_field_bench		0	7	0	n/a	docs/audit/logs/phaseD/valgrind/test_field_bench.log
test_x25519_fe64_mulx_equiv	/home/user/AMA-Cryptography/build-valgrind/bin/test_x25519_fe64_mulx_equiv		77	1	0	n/a	docs/audit/logs/phaseD/valgrind/test_x25519_fe64_mulx_equiv.log
test_x25519_mulx_override	/home/user/AMA-Cryptography/build-valgrind/bin/test_x25519_mulx_override		0	1	0	n/a	docs/audit/logs/phaseD/valgrind/test_x25519_mulx_override.log
test_chacha20poly1305	/home/user/AMA-Cryptography/build-valgrind/bin/test_chacha20poly1305		0	1	0	n/a	docs/audit/logs/phaseD/valgrind/test_chacha20poly1305.log
test_argon2id	/home/user/AMA-Cryptography/build-valgrind/bin/test_argon2id		0	1	0	n/a	docs/audit/logs/phaseD/valgrind/test_argon2id.log
test_secp256k1	/home/user/AMA-Cryptography/build-valgrind/bin/test_secp256k1		0	408	0	n/a	docs/audit/logs/phaseD/valgrind/test_secp256k1.log
test_frost	/home/user/AMA-Cryptography/build-valgrind/bin/test_frost		0	2	0	n/a	docs/audit/logs/phaseD/valgrind/test_frost.log
test_nistp	/home/user/AMA-Cryptography/build-valgrind/bin/test_nistp		0	14	0	n/a	docs/audit/logs/phaseD/valgrind/test_nistp.log
test_aes_bitsliced	/home/user/AMA-Cryptography/build-valgrind/bin/test_aes_bitsliced		0	1	0	n/a	docs/audit/logs/phaseD/valgrind/test_aes_bitsliced.log
test_kat	/home/user/AMA-Cryptography/build-valgrind/bin/test_kat		0	24	0	n/a	docs/audit/logs/phaseD/valgrind/test_kat.log
test_pq_privkey_check_determinism	/home/user/AMA-Cryptography/build-valgrind/bin/test_pq_privkey_check_determinism		0	1	0	n/a	docs/audit/logs/phaseD/valgrind/test_pq_privkey_check_determinism.log
test_pq_parser_stack	/home/user/AMA-Cryptography/build-valgrind/bin/test_pq_parser_stack		0	1	0	n/a	docs/audit/logs/phaseD/valgrind/test_pq_parser_stack.log
test_concurrent_init	/home/user/AMA-Cryptography/build-valgrind/bin/test_concurrent_init		0	6	0	n/a	docs/audit/logs/phaseD/valgrind/test_concurrent_init.log
test_kyber_debug	/home/user/AMA-Cryptography/build-valgrind/bin/test_kyber_debug		0	1	0	n/a	docs/audit/logs/phaseD/valgrind/test_kyber_debug.log
test_kyber_cpa	/home/user/AMA-Cryptography/build-valgrind/bin/test_kyber_cpa		0	1	0	n/a	docs/audit/logs/phaseD/valgrind/test_kyber_cpa.log
test_kyber_compress	/home/user/AMA-Cryptography/build-valgrind/bin/test_kyber_compress		0	0	0	n/a	docs/audit/logs/phaseD/valgrind/test_kyber_compress.log
test_kyber_sample_ntt	/home/user/AMA-Cryptography/build-valgrind/bin/test_kyber_sample_ntt		0	1	0	n/a	docs/audit/logs/phaseD/valgrind/test_kyber_sample_ntt.log
test_kyber_cbd2_equiv	/home/user/AMA-Cryptography/build-valgrind/bin/test_kyber_cbd2_equiv		77	1	0	n/a	docs/audit/logs/phaseD/valgrind/test_kyber_cbd2_equiv.log
test_dilithium_invntt_bound	/home/user/AMA-Cryptography/build-valgrind/bin/test_dilithium_invntt_bound		0	2	0	n/a	docs/audit/logs/phaseD/valgrind/test_dilithium_invntt_bound.log
test_dilithium_ntt_equiv	/home/user/AMA-Cryptography/build-valgrind/bin/test_dilithium_ntt_equiv		77	0	0	n/a	docs/audit/logs/phaseD/valgrind/test_dilithium_ntt_equiv.log
test_dilithium_rej_equiv	/home/user/AMA-Cryptography/build-valgrind/bin/test_dilithium_rej_equiv		77	1	0	n/a	docs/audit/logs/phaseD/valgrind/test_dilithium_rej_equiv.log
test_dilithium_ntt_bench	/home/user/AMA-Cryptography/build-valgrind/bin/test_dilithium_ntt_bench		0	0	0	n/a	docs/audit/logs/phaseD/valgrind/test_dilithium_ntt_bench.log
test_aes_gcm_vaes_equiv	/home/user/AMA-Cryptography/build-valgrind/bin/test_aes_gcm_vaes_equiv		77	1	0	n/a	docs/audit/logs/phaseD/valgrind/test_aes_gcm_vaes_equiv.log
test_aes_gcm_neon_equiv	/home/user/AMA-Cryptography/build-valgrind/bin/test_aes_gcm_neon_equiv		77	1	0	n/a	docs/audit/logs/phaseD/valgrind/test_aes_gcm_neon_equiv.log
test_chacha20_x8_avx2_equiv	/home/user/AMA-Cryptography/build-valgrind/bin/test_chacha20_x8_avx2_equiv		77	0	0	n/a	docs/audit/logs/phaseD/valgrind/test_chacha20_x8_avx2_equiv.log
test_argon2_g_neon_equiv	/home/user/AMA-Cryptography/build-valgrind/bin/test_argon2_g_neon_equiv		77	1	0	n/a	docs/audit/logs/phaseD/valgrind/test_argon2_g_neon_equiv.log
test_argon2_g_avx2_equiv	/home/user/AMA-Cryptography/build-valgrind/bin/test_argon2_g_avx2_equiv		77	1	0	n/a	docs/audit/logs/phaseD/valgrind/test_argon2_g_avx2_equiv.log
test_chacha20_x8_neon_equiv	/home/user/AMA-Cryptography/build-valgrind/bin/test_chacha20_x8_neon_equiv		77	0	0	n/a	docs/audit/logs/phaseD/valgrind/test_chacha20_x8_neon_equiv.log
test_kyber_ntt_equiv	/home/user/AMA-Cryptography/build-valgrind/bin/test_kyber_ntt_equiv		77	1	0	n/a	docs/audit/logs/phaseD/valgrind/test_kyber_ntt_equiv.log
test_kyber_poly_equiv	/home/user/AMA-Cryptography/build-valgrind/bin/test_kyber_poly_equiv		77	1	0	n/a	docs/audit/logs/phaseD/valgrind/test_kyber_poly_equiv.log
test_keccak_equiv	/home/user/AMA-Cryptography/build-valgrind/bin/test_keccak_equiv		77	0	0	n/a	docs/audit/logs/phaseD/valgrind/test_keccak_equiv.log
test_keccak_bmi_equiv	/home/user/AMA-Cryptography/build-valgrind/bin/test_keccak_bmi_equiv		0	1	0	n/a	docs/audit/logs/phaseD/valgrind/test_keccak_bmi_equiv.log
test_nistp_mont_mulx_equiv	/home/user/AMA-Cryptography/build-valgrind/bin/test_nistp_mont_mulx_equiv		77	1	0	n/a	docs/audit/logs/phaseD/valgrind/test_nistp_mont_mulx_equiv.log
test_sha3_wrapper_equiv	/home/user/AMA-Cryptography/build-valgrind/bin/test_sha3_wrapper_equiv	AMA_DISPATCH_NO_AUTOTUNE=1	0	1	0	n/a	docs/audit/logs/phaseD/valgrind/test_sha3_wrapper_equiv.log
test_sphincs_simd_equiv	/home/user/AMA-Cryptography/build-valgrind/bin/test_sphincs_simd_equiv	AMA_DISPATCH_NO_AUTOTUNE=1	0	173	0	n/a	docs/audit/logs/phaseD/valgrind/test_sphincs_simd_equiv.log
test_sha256_neon_kat	/home/user/AMA-Cryptography/build-valgrind/bin/test_sha256_neon_kat		77	1	0	n/a	docs/audit/logs/phaseD/valgrind/test_sha256_neon_kat.log
test_sha256_dispatch_equiv	/home/user/AMA-Cryptography/build-valgrind/bin/test_sha256_dispatch_equiv		0	1	0	n/a	docs/audit/logs/phaseD/valgrind/test_sha256_dispatch_equiv.log
test_platform_rand_generic	/home/user/AMA-Cryptography/build-valgrind/bin/test_platform_rand_generic		0	1	0	n/a	docs/audit/logs/phaseD/valgrind/test_platform_rand_generic.log
