compiler	arch	opt	file	function	mnemonic	count
gcc	x86_64	O0	src/c/ama_argon2.c	ama_argon2id_core	divl	1
gcc	x86_64	O0	src/c/ama_argon2.c	argon2_index_alpha	divl	2
gcc	x86_64	O0	src/c/ama_argon2.c	argon2_index_alpha	divq	1
gcc	x86_64	O0	src/c/ama_dilithium.c	dil_expand_matrix	divl	2
gcc	x86_64	O0	src/c/ama_lms.c	lms_checksum	divl	1
gcc	x86_64	O0	src/c/ama_lms.c	lms_coef	divl	2
gcc	x86_64	O0	src/c/ama_sha3.c	ama_shake128	divq	1
gcc	x86_64	O0	src/c/ama_sha3.c	ama_shake256	divq	1
gcc	x86_64	O1	src/c/ama_argon2.c	ama_argon2id_core	divl	3
gcc	x86_64	O1	src/c/ama_argon2.c	ama_argon2id_core	divq	2
gcc	x86_64	O1	src/c/ama_dilithium.c	dil_sign_internal	divl	15
gcc	x86_64	O1	src/c/ama_lms.c	lms_verify_parsed	divl	11
gcc	x86_64	O2	src/c/ama_argon2.c	ama_argon2id_core	divl	4
gcc	x86_64	O2	src/c/ama_argon2.c	ama_argon2id_core	divq	2
gcc	x86_64	O2	src/c/ama_dilithium.c	dil_sign_internal	divl	14
gcc	x86_64	O2	src/c/ama_lms.c	lms_verify_parsed	divl	11
gcc	x86_64	O3	src/c/ama_argon2.c	ama_argon2id_core	divl	4
gcc	x86_64	O3	src/c/ama_argon2.c	ama_argon2id_core	divq	2
gcc	x86_64	O3	src/c/ama_dilithium.c	dil_sign_internal	divl	14
gcc	x86_64	O3	src/c/ama_lms.c	lms_verify_parsed	divl	11
gcc	x86_64	Os	src/c/ama_argon2.c	ama_argon2id_core	divl	3
gcc	x86_64	Os	src/c/ama_argon2.c	ama_argon2id_core	divq	1
gcc	x86_64	Os	src/c/ama_dilithium.c	dil_sign_internal	divl	1
gcc	x86_64	Os	src/c/ama_ed25519.c	ge25519_wnaf_add_digit	idivl	1
gcc	x86_64	Os	src/c/ama_lms.c	lms_verify_parsed	divl	5
gcc	x86_64	Os	src/c/ama_sha3.c	ama_sha3_256	divq	1
gcc	x86_64	Os	src/c/ama_sha3.c	ama_sha3_384	divq	1
gcc	x86_64	Os	src/c/ama_sha3.c	ama_sha3_512	divq	1
gcc	x86_64	Os	src/c/ama_sha3.c	ama_shake128	divq	1
gcc	x86_64	Os	src/c/ama_sha3.c	ama_shake256	divq	1
gcc	x86_64	Os	src/c/dispatch/ama_dispatch.c	bench_slot_regressed	idivq	1
gcc	x86_64	Os	src/c/avx2/ama_sha3_avx2.c	ama_keccak_f1600_avx2	idivl	1
gcc	x86_64	Os	src/c/avx2/ama_sha3_avx2.c	ama_keccak_f1600_x4_avx2	idivl	1
clang	x86_64	O0	src/c/ama_aes_bitsliced.c	ama_aes256_key_expansion_consttime	idivl	3
clang	x86_64	O0	src/c/ama_argon2.c	ama_argon2id_core	divl	1
clang	x86_64	O0	src/c/ama_argon2.c	argon2_index_alpha	divl	2
clang	x86_64	O0	src/c/ama_argon2.c	argon2_index_alpha	divq	1
clang	x86_64	O0	src/c/ama_dilithium.c	dil_expand_matrix	divl	2
clang	x86_64	O0	src/c/ama_ed25519.c	ge25519_scalarmult_base_comb_signed	idivl	2
clang	x86_64	O0	src/c/ama_ed25519.c	ge25519_wnaf_add_digit	idivl	2
clang	x86_64	O0	src/c/ama_lms.c	lms_checksum	divl	1
clang	x86_64	O0	src/c/ama_lms.c	lms_coef	divl	2
clang	x86_64	O0	src/c/ama_nistp.c	nistp_scalar_mul_generator	idivq	1
clang	x86_64	O0	src/c/ama_sha3.c	ama_sha3_256	divq	1
clang	x86_64	O0	src/c/ama_sha3.c	ama_sha3_384	divq	1
clang	x86_64	O0	src/c/ama_sha3.c	ama_sha3_512	divq	1
clang	x86_64	O0	src/c/ama_sha3.c	ama_shake128	divq	1
clang	x86_64	O0	src/c/ama_sha3.c	ama_shake256	divq	1
clang	x86_64	O0	src/c/dispatch/ama_dispatch.c	bench_slot_regressed	idivq	1
clang	x86_64	O0	src/c/ed25519_donna_shim.c	ge25519_double_scalarmult_vartime	idivl	2
clang	x86_64	O0	src/c/avx2/ama_sha3_avx2.c	ama_keccak_f1600_avx2	idivl	1
clang	x86_64	O0	src/c/avx2/ama_sha3_avx2.c	ama_keccak_f1600_x4_avx2	idivl	1
clang	x86_64	O1	src/c/ama_argon2.c	ama_argon2id_core	divl	3
clang	x86_64	O1	src/c/ama_argon2.c	ama_argon2id_core	divq	1
clang	x86_64	O1	src/c/ama_dilithium.c	dil_sign_internal	divl	3
clang	x86_64	O1	src/c/ama_lms.c	lms_verify_parsed	divl	5
clang	x86_64	O2	src/c/ama_argon2.c	ama_argon2id_core	divl	4
clang	x86_64	O2	src/c/ama_argon2.c	ama_argon2id_core	divq	1
clang	x86_64	O2	src/c/ama_dilithium.c	dil_sign_internal	divl	3
clang	x86_64	O2	src/c/ama_lms.c	lms_verify_parsed	divl	5
clang	x86_64	O3	src/c/ama_argon2.c	ama_argon2id_core	divl	4
clang	x86_64	O3	src/c/ama_argon2.c	ama_argon2id_core	divq	1
clang	x86_64	O3	src/c/ama_dilithium.c	dil_sign_internal	divl	3
clang	x86_64	O3	src/c/ama_lms.c	lms_verify_parsed	divl	5
clang	x86_64	Os	src/c/ama_argon2.c	ama_argon2id_core	divl	3
clang	x86_64	Os	src/c/ama_argon2.c	ama_argon2id_core	divq	1
clang	x86_64	Os	src/c/ama_dilithium.c	dil_sign_internal	divl	1
clang	x86_64	Os	src/c/ama_lms.c	lms_verify_parsed	divl	5
clang	x86_64	Os	src/c/avx2/ama_dilithium_avx2.c	ama_dilithium_ntt_avx2	divl	1
clang	x86_64	Os	src/c/avx2/ama_kyber_avx2.c	ama_kyber_ntt_avx2	divl	1
aarch64-linux-gnu-gcc	aarch64	O0	src/c/ama_argon2.c	ama_argon2id_core	udiv	1
aarch64-linux-gnu-gcc	aarch64	O0	src/c/ama_argon2.c	argon2_index_alpha	udiv	3
aarch64-linux-gnu-gcc	aarch64	O0	src/c/ama_dilithium.c	dil_expand_matrix	udiv	2
aarch64-linux-gnu-gcc	aarch64	O0	src/c/ama_lms.c	lms_checksum	udiv	1
aarch64-linux-gnu-gcc	aarch64	O0	src/c/ama_lms.c	lms_coef	udiv	2
aarch64-linux-gnu-gcc	aarch64	O0	src/c/ama_sha3.c	ama_shake128	udiv	1
aarch64-linux-gnu-gcc	aarch64	O0	src/c/ama_sha3.c	ama_shake256	udiv	1
aarch64-linux-gnu-gcc	aarch64	O1	src/c/ama_argon2.c	ama_argon2id_core	udiv	5
aarch64-linux-gnu-gcc	aarch64	O1	src/c/ama_dilithium.c	dil_sign_internal	udiv	1
aarch64-linux-gnu-gcc	aarch64	O1	src/c/ama_lms.c	lms_verify_parsed	udiv	5
aarch64-linux-gnu-gcc	aarch64	O2	src/c/ama_argon2.c	ama_argon2id_core	udiv	6
aarch64-linux-gnu-gcc	aarch64	O2	src/c/ama_dilithium.c	dil_sign_internal	udiv	1
aarch64-linux-gnu-gcc	aarch64	O2	src/c/ama_lms.c	lms_verify_parsed	udiv	5
aarch64-linux-gnu-gcc	aarch64	O3	src/c/ama_argon2.c	ama_argon2id_core	udiv	6
aarch64-linux-gnu-gcc	aarch64	O3	src/c/ama_dilithium.c	dil_sign_internal	udiv	1
aarch64-linux-gnu-gcc	aarch64	O3	src/c/ama_lms.c	lms_verify_parsed	udiv	5
aarch64-linux-gnu-gcc	aarch64	Os	src/c/ama_argon2.c	ama_argon2id_core	udiv	4
aarch64-linux-gnu-gcc	aarch64	Os	src/c/ama_dilithium.c	dil_sign_internal	udiv	1
aarch64-linux-gnu-gcc	aarch64	Os	src/c/ama_ed25519.c	ge25519_wnaf_add_digit	sdiv	1
aarch64-linux-gnu-gcc	aarch64	Os	src/c/ama_lms.c	lms_verify_parsed	udiv	5
aarch64-linux-gnu-gcc	aarch64	Os	src/c/ama_sha3.c	ama_sha3_256	udiv	1
aarch64-linux-gnu-gcc	aarch64	Os	src/c/ama_sha3.c	ama_sha3_384	udiv	1
aarch64-linux-gnu-gcc	aarch64	Os	src/c/ama_sha3.c	ama_sha3_512	udiv	1
aarch64-linux-gnu-gcc	aarch64	Os	src/c/ama_sha3.c	ama_shake128	udiv	1
aarch64-linux-gnu-gcc	aarch64	Os	src/c/ama_sha3.c	ama_shake256	udiv	1
aarch64-linux-gnu-gcc	aarch64	Os	src/c/dispatch/ama_dispatch.c	bench_slot_regressed	sdiv	1
aarch64-linux-gnu-gcc	aarch64	Os	src/c/neon/ama_dilithium_neon.c	ama_dilithium_invntt_neon	sdiv	2
aarch64-linux-gnu-gcc	aarch64	Os	src/c/neon/ama_dilithium_neon.c	ama_dilithium_ntt_neon	sdiv	2
aarch64-linux-gnu-gcc	aarch64	Os	src/c/neon/ama_sha3_neon.c	ama_keccak_f1600_neon	udiv	2
aarch64-linux-gnu-gcc	aarch64	Os	src/c/sve2/ama_sha3_sve2.c	ama_keccak_f1600_sve2	udiv	3
