assets/defense_layers.png	166235	PNG image data, 1657 x 1185, 8-bit/color RGBA, non-interlace	b1627146f9e77b70
assets/performance_dashboard.png	484855	PNG image data, 3578 x 1920, 8-bit/color RGBA, non-interlace	cceeadc9bf023c82
assets/test_coverage.png	187729	PNG image data, 2370 x 845, 8-bit/color RGBA, non-interlaced	a0cbd0ed33169c83
fuzz/seed_corpus/fuzz_aes_gcm/0493e28fca2db316dcfabc0ca7fd0fa4bc743ae7	727	data	e858f73645c7ae9b
fuzz/seed_corpus/fuzz_aes_gcm/10a5f72e376893da58b90ba36fa1a668558b2dc4	515	data	5905880e198c9fca
fuzz/seed_corpus/fuzz_aes_gcm/156701f5a56c2f5c70cc356c4305d502ec773fc3	108	data	724b8e9deaac5105
fuzz/seed_corpus/fuzz_aes_gcm/1723c54843947120a610599588c54412f3dda098	45	data	28c6885378f8414d
fuzz/seed_corpus/fuzz_aes_gcm/1872d4d6548e7221543d53f2d531e3d10e4ec3af	61	data	38c37baef0b23818
fuzz/seed_corpus/fuzz_aes_gcm/1d185fb1741e2a9628c06b98ee1a5f7f95f5aa0c	93	data	df7de93d8089b180
fuzz/seed_corpus/fuzz_aes_gcm/251570d19705e149ec43c972de12d4333c6d5161	386	data	e3dd4d39be28fa0d
fuzz/seed_corpus/fuzz_aes_gcm/25700528772750934939a956ca1a0eb61fd1b031	1411	data	8437be621f68af1b
fuzz/seed_corpus/fuzz_aes_gcm/27aa2afdbe8946c5e7ba485bacaaf99262ad7376	1197	data	cba0b00235f89856
fuzz/seed_corpus/fuzz_aes_gcm/2843fc94b2ff18d8483564a9c6abd3b3ee4b4b40	46	data	38ed9008bbbef12a
fuzz/seed_corpus/fuzz_aes_gcm/2857e10e3c3ddc3d035b937a803c2c84460ab8ce	1966	data	8eddd1586b548156
fuzz/seed_corpus/fuzz_aes_gcm/290d2c79eb7fe08bf49be9f026f8080cb2d3e29e	557	data	0aa5220025240192
fuzz/seed_corpus/fuzz_aes_gcm/29910c16de1fd2e46a942469451434fec0e5dd72	1069	data	9f5be9df56d87611
fuzz/seed_corpus/fuzz_aes_gcm/2c35c7359ce57292218c7fee3b98754679a3173d	558	data	22a1d51c8d5db4f2
fuzz/seed_corpus/fuzz_aes_gcm/3d22ad9f19b8ccb99ba5f3dd841632ec773cb333	110	data	daf8ec6540b7d4d0
fuzz/seed_corpus/fuzz_aes_gcm/42e197da7cec118e234f3e9ef41590c76396f9d1	241	data	cdb85827833c15a5
fuzz/seed_corpus/fuzz_aes_gcm/49ede35499d4baa4e6e35cf6f4b71b1c0130a638	113	data	05474ef4ca0b1647
fuzz/seed_corpus/fuzz_aes_gcm/4a8d9cb2801235ee3f4b6238beb54c4a120d5e9c	446	data	b0dda2cf73e0fa94
fuzz/seed_corpus/fuzz_aes_gcm/4e50ea3e67d15b4c1dc24cffa00bf534a55bee2f	152	data	7ca24fe03d1eca2f
fuzz/seed_corpus/fuzz_aes_gcm/5ba93c9db0cff93f52b521d7420e43f6eda2784f	1	very short file (no magic)	6e340b9cffb37a98
fuzz/seed_corpus/fuzz_aes_gcm/5c37c066993abd9cd426cbfb8597c06565dea22a	173	data	298fb0fd25f21168
fuzz/seed_corpus/fuzz_aes_gcm/67a6cea92c2d5bc612d8c7c50865d9d1d68cb95b	685	data	d7eddc306d57f68e
fuzz/seed_corpus/fuzz_aes_gcm/69234c87a5e227be73b8a1cb394303e460bc6240	922	data	743956ca454d3855
fuzz/seed_corpus/fuzz_aes_gcm/7458666c961d1dd112eee3cad241711eeaa3377e	78	data	9023e0360d15c22a
fuzz/seed_corpus/fuzz_aes_gcm/7c5d2f34394bfdc340c86b3e903b1589ec97343a	366	data	dba8f6eaeffb4e60
fuzz/seed_corpus/fuzz_aes_gcm/7cb000083c64fdb4c261c35c16d4e97801633950	215	data	9a0764d8922e6752
fuzz/seed_corpus/fuzz_aes_gcm/820df8887f51b05c64f78d2c11331ac212ee6c00	856	data	ddea035d3b8be942
fuzz/seed_corpus/fuzz_aes_gcm/82c9dd8d74dc0504fd6c0795f5f53447e40f7dc8	1388	data	c1b6d92403c44de4
fuzz/seed_corpus/fuzz_aes_gcm/8423f5a45a72c4f9c2ba790fd0ffd7a7976573b3	429	data	bff4eb27ae765d73
fuzz/seed_corpus/fuzz_aes_gcm/8d276e3d0c227d2b54863a1d2c8c3eb5fc0a5c48	131	data	fea44a66d0e74bec
fuzz/seed_corpus/fuzz_aes_gcm/96883d96fa0ba5d17cbc4155c418ef97d443b45a	67	data	f9cde7494a1a080f
fuzz/seed_corpus/fuzz_aes_gcm/96a41e0d89a22778222513a39ca6e1c9409a91c8	61	data	c260b4f05a7f1ddb
fuzz/seed_corpus/fuzz_aes_gcm/9e7331bcb30ec226b940215ed86935b0f82c2aae	62	data	9bdad8c3d37aa6b6
fuzz/seed_corpus/fuzz_aes_gcm/a5baa5d02959636be791f538e3b3539d73306bf2	1069	data	3af3491d6111dda0
fuzz/seed_corpus/fuzz_aes_gcm/a78095669689d366afd5dfafabe187c8d8bb6f49	46	data	96b1de28b13f90c3
fuzz/seed_corpus/fuzz_aes_gcm/aa9ed74da8276af76eaac612eed563f8d86a8d3c	301	data	7a3e3e537a6bfa85
fuzz/seed_corpus/fuzz_aes_gcm/b2527229d9ddbab480683d2515e471ddcb44ad18	173	data	7735834b31bda5c4
fuzz/seed_corpus/fuzz_aes_gcm/b7b006cf3c4493e711b1fc23344b00da64965beb	579	data	e58ffe9bdb3ea98c
fuzz/seed_corpus/fuzz_aes_gcm/bd8fb6c98ce105a9066dc667654a2abd9c6fb56c	1358	data	8cbb039c94b3d073
fuzz/seed_corpus/fuzz_aes_gcm/be9c0b6c1875854db9e4ab12a05e7ec8906d4916	78	data	177c582a2c0f2963
fuzz/seed_corpus/fuzz_aes_gcm/c164ee93ea3e4b4d00828932be08271e6fc4285f	177	data	4f2bb10d2cc95dca
fuzz/seed_corpus/fuzz_aes_gcm/c552e11dd76f81d67a447ce42e33331f677e400b	323	data	87aee28cdccf5b0b
fuzz/seed_corpus/fuzz_aes_gcm/c618f23372ad7194651a52eaf3dec6f620b62b3e	498	data	5b25fb7b836d02f7
fuzz/seed_corpus/fuzz_aes_gcm/ce9c94bf664a0d52891d0e3ff0d30d371c956036	45	data	9fdb2d04a8fb4131
fuzz/seed_corpus/fuzz_aes_gcm/cf96aff3a802f2481bea7175773eba7cbeeae056	109	data	3ddc85201c53837c
fuzz/seed_corpus/fuzz_aes_gcm/de3d947aa75eb6d94499bb601ce5eec486d04067	87	data	30b5d2f98d3be1d8
fuzz/seed_corpus/fuzz_aes_gcm/e2a09d505654a0ed5169b6b16491f77ecca19c5a	1970	data	4a03ed69ad5beeaa
fuzz/seed_corpus/fuzz_aes_gcm/eb4c4f81a1691e772eaaceb6f7aab2d9d75b96b9	1010	data	6d975fb783f0fc8d
fuzz/seed_corpus/fuzz_aes_gcm/ec3747ce66762ba208291373b1c8559e19d10fad	109	data	8868f03707465eec
fuzz/seed_corpus/fuzz_aes_gcm/ee74de236e36db09803260e7a9c1989dc45c8759	45	data	915f5ac98d3d12b1
fuzz/seed_corpus/fuzz_aes_gcm/eeaedc740fb93b1a7cfd8115cd1268db2aff1d6c	301	data	841e5755fbb78ab9
fuzz/seed_corpus/fuzz_aes_gcm/f28e56098c343772633d7d0db23c6e642aace4aa	1348	data	54722f2cb18373f7
fuzz/seed_corpus/fuzz_aes_gcm/f4d885705af2cf53e80ecdb1296c3f837885f0d8	237	data	d4cc37959d50496c
fuzz/seed_corpus/fuzz_aes_gcm/f9c456791817a1f655aa198de8e14cd730a128e0	189	data	da5279aea52ec9a2
fuzz/seed_corpus/fuzz_aes_gcm/fade7115eedd67f0bed7588303bbe5a98f7339c3	1390	data	c62adca1b75a08a9
fuzz/seed_corpus/fuzz_aes_gcm/fc5dbb5a8d678df187c1530433697e20beaf1e94	195	data	ca09560023138005
fuzz/seed_corpus/fuzz_agent_binding/04ba8c30cafab85aed560ec8329d00338ba04c4d	103	data	63f804aa89cafc42
fuzz/seed_corpus/fuzz_agent_binding/0d624891031ef4da2dc7e208fa0b9fd4f46e59d0	350	data	20a84ae9893879a6
fuzz/seed_corpus/fuzz_agent_binding/15dd81b23d157bab6b353799b26263a33b7afec7	134	data	ed35720e87d5458a
fuzz/seed_corpus/fuzz_agent_binding/1668e0551df7dc5a03f3d268fcc4a26c17829fb6	367	data	e548ca8373f7f303
fuzz/seed_corpus/fuzz_agent_binding/1a41752f56a6ac742dc1e9b61c657eede30495cd	463	data	2790f9c6bd572f03
fuzz/seed_corpus/fuzz_agent_binding/1ebf613a7340e7a55b60cabd0b45a4a016d50ba8	388	data	c95620d1e7d4e4da
fuzz/seed_corpus/fuzz_agent_binding/1f80421d3d647f9155d9f7be31fc5fb88ac45463	126	data	2b7b875e83f4b0e3
fuzz/seed_corpus/fuzz_agent_binding/2b3a8d2adb39393de1de314df81b76a54e618c1d	177	data	8dc75a9eaa8a74ce
fuzz/seed_corpus/fuzz_agent_binding/2d4b105b408f391e7d0413e807b29660f6b3f971	279	data	b14c6ff6cff07b66
fuzz/seed_corpus/fuzz_agent_binding/2d7c6b1f59ff6d0eb8836f54a2c0c62801ea7b9f	102	data	10c16153b1364983
fuzz/seed_corpus/fuzz_agent_binding/2dda9bbdcd9d4df715826bb776c829264988460d	101	data	c1d39e0c1ecbd04a
fuzz/seed_corpus/fuzz_agent_binding/2f920eb1fcfb7d9de77433d091aa43cdf936df45	283	data	c203d452a6550738
fuzz/seed_corpus/fuzz_agent_binding/3027a74146a2b53fdf233e060c84f9b352f51bdc	101	data	b85f34c4a5679d58
fuzz/seed_corpus/fuzz_agent_binding/30e078d1b6019e4559798752bd6d6d4fb7f56dc3	613	data	49bbd9ed02e6fb9b
fuzz/seed_corpus/fuzz_agent_binding/316bd503f51c1352c1a10ee02219f0b207af01d7	389	data	f46fa99b36cf3158
fuzz/seed_corpus/fuzz_agent_binding/389492406e1ce3b0eb6d3945e7749d177c95e95c	466	data	76688d6550ec711d
fuzz/seed_corpus/fuzz_agent_binding/415fdca25e3a536578eab7f97f4daf34c184e62b	540	data	fb90546656ef4e56
fuzz/seed_corpus/fuzz_agent_binding/4602cb6752f911156ed34291f5d9d205f0a46b6e	245	data	d59a2a4531ea2d13
fuzz/seed_corpus/fuzz_agent_binding/4d71de87852503f5232688a68b2ac2bacb68eb68	102	data	47c9926c6b139612
fuzz/seed_corpus/fuzz_agent_binding/516b9783fca517eecbd1d064da2d165310b19759	1	very short file (no magic)	148de9c5a7a44d19
fuzz/seed_corpus/fuzz_agent_binding/518cc98c03c6054903d183135c300a02054cbc9d	373	data	3189cef0b250fab8
fuzz/seed_corpus/fuzz_agent_binding/5541b8a678fa0be6b67d725096ef497e50514e38	415	data	b4a0c76a9b44860d
fuzz/seed_corpus/fuzz_agent_binding/584b371105663dcd11e382031d2a3bda393536a7	442	data	d99e3917629585fc
fuzz/seed_corpus/fuzz_agent_binding/6172fddb300a02a12ae4b2a26a71171539e9e04b	106	data	b7b9e514fc516d8c
fuzz/seed_corpus/fuzz_agent_binding/789ccacfabddcf9c1cacddc89d3b7a5301fb4122	101	data	338925b570fc0baa
fuzz/seed_corpus/fuzz_agent_binding/8d29cb3451659056fb8c8f67b8e54d331b2b26e9	134	data	8bb3fa0b7162f42f
fuzz/seed_corpus/fuzz_agent_binding/8e82cef625f1db8030fc4dd9c28bbf8efb098a77	104	data	ca8b2efee2a17c29
fuzz/seed_corpus/fuzz_agent_binding/a3dd0de678f2873dcba0dcb10d513db9380c539e	143	data	66433557d64484d7
fuzz/seed_corpus/fuzz_agent_binding/b185abfecbb46ac792b66dab571efe7a7e34550d	418	data	5d539d51757173f1
fuzz/seed_corpus/fuzz_agent_binding/b853f8967018fbc4f302cd633585ab29bf9f5e9e	245	data	f5ccee6d44719936
fuzz/seed_corpus/fuzz_agent_binding/c9c9385cd37bb8d2498ea82c1360e03bbcac6ac1	175	data	84a88e1d86340e69
fuzz/seed_corpus/fuzz_agent_binding/fc92d6498151fa7529f2a5b7923e60de58de0181	105	data	238bbb251ec592d7
fuzz/seed_corpus/fuzz_argon2/08f0e46e3f6c979bfcacb7da88698c4be365cc69	19	data	edefdb2a79121ac0
fuzz/seed_corpus/fuzz_argon2/1fbd8f0ac091df50f0d026613d06870648664e4c	19	MSX-BASIC program	149c4684800e4ed7
fuzz/seed_corpus/fuzz_argon2/236c7aca7f470dc15a269859fce61e1533f0b91b	19	data	ccff2efeb8137561
fuzz/seed_corpus/fuzz_argon2/4b72b59cd84b96f6d46843bafb5cc5318ee43098	20	data	0989199ad9914087
fuzz/seed_corpus/fuzz_argon2/97a4ba59025272efd57af91f29c8ce064230344c	23	data	d0bae395da165827
fuzz/seed_corpus/fuzz_argon2/a42c6cf1de3abfdea9b95f34687cbbe92b9a7383	1	very short file (no magic)	e52d9c508c502347
fuzz/seed_corpus/fuzz_argon2/b5b82e8b8d1c5706996f682fd78096ae9abc615c	21	data	62292f5cc3914b4e
fuzz/seed_corpus/fuzz_argon2/c73e09d36ac264dee0afbae6122d449506f47175	25	data	3ed6f13b2dd19646
fuzz/seed_corpus/fuzz_argon2/d5809801154881d051e422de66bb2241c5009238	19	data	a3f2da80b3c01f4a
fuzz/seed_corpus/fuzz_argon2/e372d8516105ceae7c91a8cc9bce86cf42e045c0	20	data	6bc36539c66fdd1c
fuzz/seed_corpus/fuzz_argon2/eab9ecfd1153bf14cf037d9b907ca25a9fa1b3bc	24	data	6f31a65f34364ef6
fuzz/seed_corpus/fuzz_argon2/ec07015882d4ac1c279e1d67965579470599ee01	19	data	4c49636a691028b8
fuzz/seed_corpus/fuzz_argon2/f45b09c766fe7b39678041ee203c599d9021b7b6	21	ISO-8859 text, with no line terminators	2e78ec21f6b48f8d
fuzz/seed_corpus/fuzz_ascon/aead-rate-all-ad.bin	49	data	94dbbcfde71cd011
fuzz/seed_corpus/fuzz_ascon/aead-rate-all-pt.bin	49	data	bc3a25124b68e02a
fuzz/seed_corpus/fuzz_ascon/aead-rate-mid-split.bin	49	data	c7df854d5299d6f9
fuzz/seed_corpus/fuzz_ascon/aead-rate-minus-1-all-ad.bin	48	OpenPGP Secret Key	b0cb601df81128ac
fuzz/seed_corpus/fuzz_ascon/aead-rate-minus-1-all-pt.bin	48	data	64acdde014dc3e8b
fuzz/seed_corpus/fuzz_ascon/aead-rate-plus-1-all-ad.bin	50	data	7fba8334a0598fce
fuzz/seed_corpus/fuzz_ascon/aead-rate-plus-1-all-pt.bin	50	data	1db391763e79116b
fuzz/seed_corpus/fuzz_ascon/empty-body.bin	33	data	d177c0ddce574aca
fuzz/seed_corpus/fuzz_ascon/hash-rate-all-pt.bin	41	data	64048452e7b76bcf
fuzz/seed_corpus/fuzz_ascon/hash-rate-minus-1-all-pt.bin	40	data	b2057190a1be446a
fuzz/seed_corpus/fuzz_ascon/hash-rate-plus-1-all-pt.bin	42	data	5a48928f6861b6cf
fuzz/seed_corpus/fuzz_ascon/many-blocks-mid-split.bin	162	data	89f62b8c02937a13
fuzz/seed_corpus/fuzz_ascon/one-byte-body-all-ad.bin	34	data	80497f1d356edc88
fuzz/seed_corpus/fuzz_ascon/one-byte-body-all-pt.bin	34	data	83a0027d44056571
fuzz/seed_corpus/fuzz_ascon/two-blocks-all-ad.bin	65	data	594205c2e48b95f4
fuzz/seed_corpus/fuzz_ascon/two-blocks-all-pt.bin	65	data	f4498ac4d760271e
fuzz/seed_corpus/fuzz_ascon/two-blocks-mid-split.bin	65	data	25e2596ba2d8aa84
fuzz/seed_corpus/fuzz_ascon/two-blocks-minus-1-mid-split.bin	64	data	7fa8887c8afec86f
fuzz/seed_corpus/fuzz_ascon/two-blocks-plus-1-mid-split.bin	66	data	dca17ded64bd976e
fuzz/seed_corpus/fuzz_chacha20poly1305/002f8790fa281d6f25ff7aefea9539781b104581	559	compacted data	96a7a7777a9ebe17
fuzz/seed_corpus/fuzz_chacha20poly1305/0cf96bbe22150e66506869cb2b53eeb2e644cfcf	643	compacted data	ed481e9c80cc95f5
fuzz/seed_corpus/fuzz_chacha20poly1305/120957fa9392d607bbd0455b026f090d0580a11d	302	compacted data	ad5e10d4074e0c6f
fuzz/seed_corpus/fuzz_chacha20poly1305/172e4af812392767353b349cebb07ca9e04a0792	131	data	8c941f2c8fb4815b
fuzz/seed_corpus/fuzz_chacha20poly1305/1eee7791f771357f9fdbf35b7a3bf3c07faf37fc	48	data	e25520907d4892ba
fuzz/seed_corpus/fuzz_chacha20poly1305/22ab6bf4868483cd5ca272bfb93145b6ea9feff9	61	data	ef9c7b9f498f1df5
fuzz/seed_corpus/fuzz_chacha20poly1305/3d0388834c9b029499907e78c68ee71d766ccfe5	303	data	3e251c6014e32f87
fuzz/seed_corpus/fuzz_chacha20poly1305/3e913c9d96e7a14d4f1b252d36a6a5088231caf2	728	compacted data	a49f41af894219ff
fuzz/seed_corpus/fuzz_chacha20poly1305/4206fe3904aa165084b3b0964ba74a18ef242d6e	55	data	fbd103fd528e1d0e
fuzz/seed_corpus/fuzz_chacha20poly1305/56230e0571c34832617bcd76f10738f14edfa1b0	46	data	01f7828a6c6c9a25
fuzz/seed_corpus/fuzz_chacha20poly1305/6da1fd198f107fb60053057ba5b8643692e93e48	78	Non-ISO extended-ASCII text, with no line terminators	98996d922e49e557
fuzz/seed_corpus/fuzz_chacha20poly1305/76f2a4f6e7f9f8b296602b854e0f520709352542	473	compacted data	7248043981896bf4
fuzz/seed_corpus/fuzz_chacha20poly1305/771a70b615272f84400dc89df2d0fd6c4bede97b	67	data	f05d46faf5be8724
fuzz/seed_corpus/fuzz_chacha20poly1305/78e7525e52b1da8c4599dbbf6188a2bade078d4a	259	compacted data	a43b644b4e8e3cf9
fuzz/seed_corpus/fuzz_chacha20poly1305/7a6b62724953b958fb9294e97a9dcf3d821a1ea8	61	data	8d803ba82e6eb902
fuzz/seed_corpus/fuzz_chacha20poly1305/7bb5e52b2d2cf33abac2e465efa22fa4cf9b52a3	174	data	248ea25c878845b4
fuzz/seed_corpus/fuzz_chacha20poly1305/7dd8d22b1d7901cd9a8c5ed7e3554e113929d1ab	109	data	734920ffdfe935fa
fuzz/seed_corpus/fuzz_chacha20poly1305/85308112b4db928010b7056e4b32d90ef6267639	47	data	2f946443e715afad
fuzz/seed_corpus/fuzz_chacha20poly1305/8eb56c86f4b0dd7a914d3df2e0fe279356910deb	45	data	9e4071ede6ab477b
fuzz/seed_corpus/fuzz_chacha20poly1305/8f2ca602eb4efa7c2c3b528a4aa38f9f0e88b0b4	62	data	8a40b3cb1ec566c7
fuzz/seed_corpus/fuzz_chacha20poly1305/92804fdd8efdc07838819ac1ce9c6b9cd906876e	558	data	70aec7992a7081e6
fuzz/seed_corpus/fuzz_chacha20poly1305/936493b15293ac305985c237e2c2581573dab166	45	data	abf3091b623e405a
fuzz/seed_corpus/fuzz_chacha20poly1305/9cc98854463040688f79d804aef1ca6f3ed73cf5	216	compacted data	32f244b6004608aa
fuzz/seed_corpus/fuzz_chacha20poly1305/aa280f855f4c8e1eb40371732624167a0343936d	350	data	91a8fdb1f7f2a724
fuzz/seed_corpus/fuzz_chacha20poly1305/b4866dc39ac8613302a91499cc9510c52062227b	46	data	bab84752aa7a8b55
fuzz/seed_corpus/fuzz_chacha20poly1305/c15b165b720d5f542c99f2ab7a906c6b15449b8d	50	data	b4d9d672505c5d98
fuzz/seed_corpus/fuzz_chacha20poly1305/e7064f0b80f61dbc65915311032d27baa569ae2a	1	very short file (no magic)	ba5ec51d07a4ac0e
fuzz/seed_corpus/fuzz_chacha20poly1305/ea51cb267ac7217c82c82090abded5e1bf104c2f	386	compacted data	755bdc4d8f3a99ee
fuzz/seed_corpus/fuzz_chacha20poly1305/fb5bae0f3b5e4dcfe6d6ea90737d2fcc4a9e063b	45	Adobe Photoshop Color swatch, version 0, 1 colors; 1st RGB s	b1e92dae1db5afc7
fuzz/seed_corpus/fuzz_chacha20poly1305/fc87dd389a58c5b0ff1d478085f55ec5d5ba8b50	237	data	7e69c5845c25a869
fuzz/seed_corpus/fuzz_consttime/01a65672e1d5d66c581ad8742086aa9bb567bb29	6	ISO-8859 text, with no line terminators	d6f87d3a819c4e13
fuzz/seed_corpus/fuzz_consttime/0285962e85eb133a2ec5b50fcde3300e554e9b0f	4	data	b3bcdf7e1b3bf650
fuzz/seed_corpus/fuzz_consttime/0585834604cb6f6abbfd7a8359494c3db4903253	19	ISO-8859 text, with no line terminators	a32d06a25d1b2f81
fuzz/seed_corpus/fuzz_consttime/095feb44f72b77135c944fc2d4bb4594e0fd9d31	33	ISO-8859 text, with no line terminators	d3d87495057c222e
fuzz/seed_corpus/fuzz_consttime/0c072f024327d014ef95b9dc1a19e1e3f609036c	17	data	a57b2fc6849ddc1e
fuzz/seed_corpus/fuzz_consttime/11026161805eef968b8bb4a97d441cf40ebacd20	17	ISO-8859 text, with no line terminators	7c7957f3f4525847
fuzz/seed_corpus/fuzz_consttime/125219f423b8082a7763b661c774e97255d2955e	3	ISO-8859 text, with no line terminators	3b993736c73b2f72
fuzz/seed_corpus/fuzz_consttime/156710cd160bf2fc6f848aced26d8425d8e04240	20	ISO-8859 text, with no line terminators	f535849892cea8e3
fuzz/seed_corpus/fuzz_consttime/176f79735dc9fbe9a4db522b572de1f82f522b0b	3	ISO-8859 text, with no line terminators	45f75632acb60d47
fuzz/seed_corpus/fuzz_consttime/182d0afa4b4916212f3673f55a5d9ca6cc823357	258	data	d470fb8e35ba9b81
fuzz/seed_corpus/fuzz_consttime/1b391c09697483a00818bc18e2401179e3340787	5	Non-ISO extended-ASCII text, with no line terminators	0909ebca265d1c7d
fuzz/seed_corpus/fuzz_consttime/1bd31efe17e669846ee5e891dc599298f7adaa92	5	ISO-8859 text, with no line terminators	fb1e615ef5241002
fuzz/seed_corpus/fuzz_consttime/1fbceb8e6924c9a2dd1cbb20cca9cd22a28d7c38	36	ISO-8859 text, with no line terminators	239a4a48c2719eb9
fuzz/seed_corpus/fuzz_consttime/21837e1c37ddc4a62eb86112090634e7e4b8fc4d	5	data	25d04f8089a07655
fuzz/seed_corpus/fuzz_consttime/302f3a004341155ca6018f1cecb5b9d23416acd5	34	data	8b39c6801f3f6db4
fuzz/seed_corpus/fuzz_consttime/33e03e7a222806eb7337ef5cc4f21068858f463b	10	ISO-8859 text, with no line terminators	24ec95acab2ba25c
fuzz/seed_corpus/fuzz_consttime/3585b733d28931e59f875b5c798e425a0cba68cd	50	ISO-8859 text, with no line terminators	588f926a0926bb15
fuzz/seed_corpus/fuzz_consttime/36c7b08eb543dfde9a16e9c328d7d918f391cdcc	68	data	5dd46367e78cd7e4
fuzz/seed_corpus/fuzz_consttime/3c906fcf09651414d0d4766a200c1f571630066f	5	ISO-8859 text, with no line terminators	13cd13064b5bb1fd
fuzz/seed_corpus/fuzz_consttime/439a80e61542b835389d5c4ff71cbe7a9d876683	34	old packed data	a56bbc1be85e0f8c
fuzz/seed_corpus/fuzz_consttime/44bcd4020530eaa758cab0aaaa8ead5a5c4977f8	8	data	f588a2860f8fb31c
fuzz/seed_corpus/fuzz_consttime/487f1d7538803dfe97f872c8e8739bc05063ab59	6	ISO-8859 text, with no line terminators	17a1c0de9b9ce46e
fuzz/seed_corpus/fuzz_consttime/48cd47d818bc9bc1a3f2621bffbbde5ddbd2a6a9	10	data	f0febc2d4c7bdb1e
fuzz/seed_corpus/fuzz_consttime/4b69c36837a93b6bd2bd5ae5dd9cac6ceb75902f	10	data	9fdfa6e3a4afcf81
fuzz/seed_corpus/fuzz_consttime/4d064df0fe147c902b580a939b6896373f8f223b	4	data	e5f93a5288bc87b5
fuzz/seed_corpus/fuzz_consttime/4e1359d9dff9e04d43256898d9ac3c89c64a85d1	257	data	ffbc3911ca0e2363
fuzz/seed_corpus/fuzz_consttime/5bde3f5db4d5dbd34db7fe20a3f3a1129ddedf16	13	ISO-8859 text, with no line terminators	61b600f7495eb6f2
fuzz/seed_corpus/fuzz_consttime/6231b41ce9ee5d181a4a9b55948ecbd3aebc3052	4	ISO-8859 text, with no line terminators	6d6c2aecc82dca9f
fuzz/seed_corpus/fuzz_consttime/63360ae86b69f46259e2b6c66179485c117657b4	6	ISO-8859 text, with no line terminators	d6c43829f102cf0f
fuzz/seed_corpus/fuzz_consttime/688270fa684886a1ce20e1e9ce64559bf417b600	8	Non-ISO extended-ASCII text, with no line terminators	116462efdbf4af9b
fuzz/seed_corpus/fuzz_consttime/6cbb1e60abd0577a0e76ae031dfca15e8d7c277f	3	ASCII text, with no line terminators	c6849ea2e6b1c1b6
fuzz/seed_corpus/fuzz_consttime/751ba4566f6ca2dd887b309548b6410fda989221	8	ISO-8859 text, with no line terminators	4b71c4103c22ab7b
fuzz/seed_corpus/fuzz_consttime/776f481d55aaa64d37349e47ce6dd8f5ea285cff	130	data	f39ba0bf7baef69f
fuzz/seed_corpus/fuzz_consttime/7c767cced96fbd988e40aac03f403700a40d334e	5	ISO-8859 text, with no line terminators, with overstriking	3bb9aac5130ea66f
fuzz/seed_corpus/fuzz_consttime/82d0502df5058ebabb5c54201eee615994a545cf	4	ISO-8859 text, with no line terminators	7ad9512697becd8b
fuzz/seed_corpus/fuzz_consttime/8fa0835bc259d52f30fc274ef4f6c78e52231600	64	ISO-8859 text, with no line terminators	6096e84341942a86
fuzz/seed_corpus/fuzz_consttime/919147030f5db9e3943d3f5c5cf3b9b458ebadd2	10	data	612d8bbe51dfc0fe
fuzz/seed_corpus/fuzz_consttime/96973d99952e346f149d6e5025509fbd7c6eabe3	18	old packed data	098b99ce69de91e9
fuzz/seed_corpus/fuzz_consttime/a0fadfeebf6145b04ae8c9a82ba60a6d1265889c	65	data	d8ec802e6d491257
fuzz/seed_corpus/fuzz_consttime/a5792e198e3a9202e02b49e5b8a3d847beddd97c	12	ISO-8859 text, with no line terminators	ab19e0b03248a34e
fuzz/seed_corpus/fuzz_consttime/ab0f2a8817aefbc8621cf82ea7a3beaceaebba5f	33	data	0450f6329f3318a9
fuzz/seed_corpus/fuzz_consttime/ace20caedc15a78261f7acdb56739596da769585	129	data	fa401fdfbcaa7720
fuzz/seed_corpus/fuzz_consttime/b1cf96abadc5e3cc7095100c4a4fe9f563c18bd8	4	data	74cef63590d9ba45
fuzz/seed_corpus/fuzz_consttime/b4868263e4e7443983ebb22a6ca5b99048439591	66	data	aada6db0bf432ea9
fuzz/seed_corpus/fuzz_consttime/b7d699d931b7ca5141499501dc8fff21e0127984	6	International EBCDIC text, with no line terminators	1c228013298b0cba
fuzz/seed_corpus/fuzz_consttime/c07e48eb2a75b56485af03099fd2007830810726	16	ISO-8859 text, with no line terminators	bb4ae3faa8fb038f
fuzz/seed_corpus/fuzz_consttime/c16036f50e9fc369b82c3972d4d0f45785cdcb8f	5	ISO-8859 text, with no line terminators	f37fe27ab52e1816
fuzz/seed_corpus/fuzz_consttime/c986ca62ad09e2e05ec9d7fbab92013315a381fc	34	ISO-8859 text, with no line terminators	adc3d36a739b921a
fuzz/seed_corpus/fuzz_consttime/cbe6061e4a3fae159347cbbe4189e77d48882a78	516	data	15df912c1769661e
fuzz/seed_corpus/fuzz_consttime/cee9144f8c8612b410d3bf7068109c7db30467e1	258	data	85c5c22fdc83b3cd
fuzz/seed_corpus/fuzz_consttime/d16aee9caa04954ff19113b8710accfcee3c94a9	3	Non-ISO extended-ASCII text, with no line terminators	dffd7a84c57d8ccf
fuzz/seed_corpus/fuzz_consttime/d27d5e90ed161a387a9dac53b2b4a8496bfecf8a	3	ISO-8859 text, with no line terminators	a9c9eb45946bdbf8
fuzz/seed_corpus/fuzz_consttime/d8a3bc3675f62c974d181d0f8c86226787256a91	18	data	97e8fcbc59467c61
fuzz/seed_corpus/fuzz_consttime/da4b9237bacccdf19c0760cab7aec4a8359010b0	1	very short file (no magic)	d4735e3a265e16ee
fuzz/seed_corpus/fuzz_consttime/db1a240b3bd4591f5dac680852d1112986f83c64	258	data	3b31414760bcdf60
fuzz/seed_corpus/fuzz_consttime/db72a2587aa62e5327e43f5d44d1e2ea7fc638ea	11	SoftQuad DESC or font file binary - version 23978	80fe29bf42af07f6
fuzz/seed_corpus/fuzz_consttime/dcf454b823e79ba97301e79f7c5251b4b0ba28c0	22	ISO-8859 text, with no line terminators	e24fc7722356091e
fuzz/seed_corpus/fuzz_consttime/e196f7494ddfd73ece39a87a1ee0297c5425c1ab	9	SoftQuad DESC or font file binary - version 13	8149e5d142331259
fuzz/seed_corpus/fuzz_consttime/e1df030f5b7227301119b01b2487c05b23a353f8	259	data	f2efea6fc08855be
fuzz/seed_corpus/fuzz_consttime/e2296c3796609bda5506084ab59c0679d2350303	4	data	4dcc7a1f6b6bfb23
fuzz/seed_corpus/fuzz_consttime/e2dba29631fa891c2ebde628b315554eb212231a	18	data	1f225d5ed5c92a4a
fuzz/seed_corpus/fuzz_consttime/e880064c7e580102db865f3f245cc1a5f5c10536	9	Non-ISO extended-ASCII text, with no line terminators	614bb2e9f68b5078
fuzz/seed_corpus/fuzz_consttime/e96a00a543f2d822720f437cc137b2b7107f1883	5	ISO-8859 text, with no line terminators	c43b8a4ad8fb8ab1
fuzz/seed_corpus/fuzz_consttime/eb63281aeb0c5abb0bef453b91df541ad967d315	5	Non-ISO extended-ASCII text, with no line terminators	fdf4e718815448be
fuzz/seed_corpus/fuzz_consttime/f116a72702285b6c9a55f3a1d08506c3a5a0b3fa	66	data	924fc57f34929778
fuzz/seed_corpus/fuzz_consttime/f3ffd498ae1eaf9f3eb528710e7229f869712121	34	data	0745b3d0c07df43a
fuzz/seed_corpus/fuzz_consttime/f40d30a94e8e05160a9436a53c19be9142bafb83	7	Non-ISO extended-ASCII text, with no line terminators	982cdee56511125d
fuzz/seed_corpus/fuzz_consttime/f49198ffed284e86b9bdcc6477fe461ae749275b	516	data	216217f0eb291495
fuzz/seed_corpus/fuzz_consttime/f5b7fdb86970fc8883474a1a7ceffe30feea6dcb	18	data	fa4c4f2df1e339c3
fuzz/seed_corpus/fuzz_consttime/f9efd42a7677d310340c30a61b60f21c1d10a1c9	91	ISO-8859 text, with no line terminators	226b5fe2ac9625c6
fuzz/seed_corpus/fuzz_dilithium/042dc4512fa3d391c5170cf3aa61e6a638f84342	1	very short file (no magic)	de7d1b721a1e0632
fuzz/seed_corpus/fuzz_dilithium/0458d57cc233a1fd54c2064457f15c4b62f80790	33	ISO-8859 text, with no line terminators	9800ded4e9904f24
fuzz/seed_corpus/fuzz_dilithium/0bdeb6d2d38cba211617692c0da53abc6faf07d7	52	data	f248ce88ffc9d07b
fuzz/seed_corpus/fuzz_dilithium/1489f923c4dca729178b3e3233458550d8dddf29	2	data	96a296d224f285c6
fuzz/seed_corpus/fuzz_dilithium/1a27af7e946533b3e3859d91f914084ada30ab13	53	data	db0e15c9939280e5
fuzz/seed_corpus/fuzz_dilithium/1c3324d1f61ca0a11fa6701782e57207711664c3	34	ISO-8859 text, with no line terminators	20948bf44dae386c
fuzz/seed_corpus/fuzz_dilithium/206afd05eb6fc32ff9886cf4d60e7131c1e03426	55	data	12005d8d3f0d84a1
fuzz/seed_corpus/fuzz_dilithium/24c5fd9298e9a698d9fc449c04f7b8101b291cdc	5	ISO-8859 text, with no line terminators	25e725604b1f9549
fuzz/seed_corpus/fuzz_dilithium/2548e34d6caf778771e60549b6c3c3e896ec1851	4	data	811bc4291ed261c1
fuzz/seed_corpus/fuzz_dilithium/29b95b8a4f6875e95c51537bc0e111826b57b949	51	ISO-8859 text, with no line terminators	64594df0ba7b42cc
fuzz/seed_corpus/fuzz_dilithium/32db50268bc72fe723b930793fe52c6a83d7a958	34	ISO-8859 text, with no line terminators	733397b523b8ba58
fuzz/seed_corpus/fuzz_dilithium/36ca9bd2eef5d071631ce2b354da7fc9e38486b4	43	ISO-8859 text, with no line terminators	41da39aeae7ccdd9
fuzz/seed_corpus/fuzz_dilithium/39a33f15083ab348fe9ed1b571418a8814b11cc9	54	data	858ac6f24b81e8fb
fuzz/seed_corpus/fuzz_dilithium/3be888a054274576e79fb349b163e107f8420e48	17	data	7b9fe717a36981d8
fuzz/seed_corpus/fuzz_dilithium/3d02deffccddee2b355ebc87a651742a545ee0a2	38	data	ae6a1ff028c37d61
fuzz/seed_corpus/fuzz_dilithium/4cad450f05df239ca5323feeae73331a44c963c8	34	ISO-8859 text, with no line terminators	b33fe5f7d180e536
fuzz/seed_corpus/fuzz_dilithium/502bd017f9f238d175c86aeb6a09ffe75ae035fe	39	ISO-8859 text, with no line terminators	db484812fc971b76
fuzz/seed_corpus/fuzz_dilithium/52cda6e3257a85d481eb612ffadf98d16d8c9cec	26	data	ce2d96bd89fe7509
fuzz/seed_corpus/fuzz_dilithium/58d548d112c5fa972469d09db983e814293d0ab4	36	data	ded2ac48d1212b0f
fuzz/seed_corpus/fuzz_dilithium/5cea5a51764110bef3082c7d478f389bfaea74f6	2	ASCII text, with no line terminators	c457046dfde48a0e
fuzz/seed_corpus/fuzz_dilithium/63b222a5fbb95703634f7b4d6c110c17644c64dd	56	data	e29b54c8255d22bc
fuzz/seed_corpus/fuzz_dilithium/66c524f44df6cd9d3a5124346a6a870d789835a9	55	data	d106ecd91a7d6f2e
fuzz/seed_corpus/fuzz_dilithium/67a7c46dbc8fa86abcc7227025060672d36537a1	39	data	262b311f15a702af
fuzz/seed_corpus/fuzz_dilithium/680b73bf202ac8e09cc775dead9d04cd1026dc85	3	data	eb7c2b69b4ddcab9
fuzz/seed_corpus/fuzz_dilithium/6acea12ae93edf595827c7b7b41ba23ce7e06dae	56	data	0fd68a0d81a8cf87
fuzz/seed_corpus/fuzz_dilithium/6c1cefc627ce768058fc0af78087a48f7e700bd7	51	ISO-8859 text, with no line terminators	8eadd92e14278b79
fuzz/seed_corpus/fuzz_dilithium/6ea7044fcde6e1aff873a00fe3afaf0d8ea34567	30	data	97c685b16c52f965
fuzz/seed_corpus/fuzz_dilithium/75e523eb58f7df13d603fb29c696b2646221d19c	31	data	4f391d0df4bf6763
fuzz/seed_corpus/fuzz_dilithium/7924f796734e46762add3e671ef64864f6bdf4a1	56	data	53b95042e4992aac
fuzz/seed_corpus/fuzz_dilithium/7ad2936993b304971caefc2ff340f7088929c175	22	data	35c3022ed4700bad
fuzz/seed_corpus/fuzz_dilithium/826d1e9258f045f876834979f29eade5ba2ecd8c	47	data	06cd8934fc5e80dc
fuzz/seed_corpus/fuzz_dilithium/874c7ceef94d87233ffc2f41363d1b617a9e3ea9	56	data	e821065aa4970f40
fuzz/seed_corpus/fuzz_dilithium/9a0d2bc0ab1d8d06d15931cbc7f9caffa7af30c1	37	data	832567bce0312a45
fuzz/seed_corpus/fuzz_dilithium/9adc9b138284b1e06cdc47abfb0d6aa831eb38e6	29	data	190b11c56c3b556f
fuzz/seed_corpus/fuzz_dilithium/a281f2f3fca3d318b4d52b34fe2c8e99900dfee6	56	data	7528b94400f9523e
fuzz/seed_corpus/fuzz_dilithium/a3d14da00ec6a1fb87097ed747ce7cc221e87645	34	ISO-8859 text, with no line terminators	13da3198cf145c4a
fuzz/seed_corpus/fuzz_dilithium/a8110b4c0533392036b66089a0dfc1bdde931ad0	29	data	29bd2bd9e164f2c8
fuzz/seed_corpus/fuzz_dilithium/af258ac0aed45fc3afee00fd4a2b034c264335b7	56	data	5c2a65803f9a02c2
fuzz/seed_corpus/fuzz_dilithium/afe3b20c644afc1f8704c877520071b62ccdf0fc	35	data	29bc98868b9a5d7f
fuzz/seed_corpus/fuzz_dilithium/c02b43e363e5062ffbb8c4a714b0c7aa20a6a8d2	56	data	ee47c5f50bf29a8d
fuzz/seed_corpus/fuzz_dilithium/c228e3ff54a04ac68829da96742efea81d914695	56	data	49153406fec7f7b8
fuzz/seed_corpus/fuzz_dilithium/c65e9d4c7c905f55c94a69875150821c6880aa60	33	ISO-8859 text, with no line terminators	7fe17d09a0c7b671
fuzz/seed_corpus/fuzz_dilithium/c88383ed3b29a105a5568e44efd20a47e89197ff	56	data	811cef27b6b99c6a
fuzz/seed_corpus/fuzz_dilithium/cd3c76b84c562fe3056446e357fca8e37e4e239a	56	data	08b710a33690a7c2
fuzz/seed_corpus/fuzz_dilithium/cf6f8c66ce9f65b02b023820b6627c02f8a5d417	35	data	d57b7d566236379b
fuzz/seed_corpus/fuzz_dilithium/d17d56344273d138ee581956fb21fe4a0173ce0f	53	data	722798e988dd3967
fuzz/seed_corpus/fuzz_dilithium/da734b308282bcaa355aad95c6b5808c421f9040	5	data	e3b4d02c5b458b50
fuzz/seed_corpus/fuzz_dilithium/dc9e44dc2a9a9048f77095c80cecebb18bac9898	3	data	dcc0d065bf2bafaf
fuzz/seed_corpus/fuzz_dilithium/df211ccdd94a63e0bcb9e6ae427a249484a49d60	2	ASCII text, with no line terminators	f4bf9f7fcbedaba0
fuzz/seed_corpus/fuzz_dilithium/df9995252669b9ee3cfba00b39d436c58511f6ac	56	data	904ff9634a5c2edf
fuzz/seed_corpus/fuzz_dilithium/e1b4aa8c7f7863a12061c607b30c038f58c68879	56	data	5205b157887299b0
fuzz/seed_corpus/fuzz_dilithium/e1f866aa4df9180f15417a73b81bfaf973b25f44	29	data	f54823d1457b0495
fuzz/seed_corpus/fuzz_dilithium/e70db57ee05216a65d4d0e2dc9340e87ff9e9795	2	ISO-8859 text, with no line terminators	d262b5c71e7ca4c0
fuzz/seed_corpus/fuzz_dilithium/f013567c9ee5684e1b08827d046de446684845af	56	data	a4c4ab58266a717f
fuzz/seed_corpus/fuzz_dilithium/f0c957104bb1b80c9d125d9c8cbb3f06fbf2ab1a	4	data	1bc5d0e3df0ea12c
fuzz/seed_corpus/fuzz_dilithium/f0ffad42cd393eb80421b423fd8f45bb6bbe5874	55	data	96e518d8df8ec145
fuzz/seed_corpus/fuzz_dilithium/f6ca6b2e2ab614cb4e6d16e184879c70a57912f2	33	ISO-8859 text, with no line terminators	2441d15c6314aa24
fuzz/seed_corpus/fuzz_dilithium/verify-exact-ff.bin	5278	data	8e89426dc4014393
fuzz/seed_corpus/fuzz_dilithium/verify-exact-prng.bin	5278	VAX-order 68k Blit mpx/mux executable	3a853b74dc32048e
fuzz/seed_corpus/fuzz_dilithium/verify-exact-zero.bin	5278	data	adedcbd476d93b0e
fuzz/seed_corpus/fuzz_dilithium/verify-one-short.bin	5261	SVR2 pure executable (USS/370)	107e585fe9b18c8d
fuzz/seed_corpus/fuzz_ed25519/069db7d8a3f992a672c35c21dddfd6a304e6167c	105	PDP-11 UNIX/RT ldp	80bb15a63f55b7fd
fuzz/seed_corpus/fuzz_ed25519/08dbbf42caba6501b69b1cea7a9b84e358e66ddb	1	very short file (no magic)	26e5bfe4b0686167
fuzz/seed_corpus/fuzz_ed25519/0a077a1e224cfe203b6c5208707bda63063ffb49	36	data	a5143c1f90eff2c5
fuzz/seed_corpus/fuzz_ed25519/0a3204b1be5b872e0db34eaf070be60ab975ad36	97	PDP-11 UNIX/RT ldp	3a4251a4fab36a3f
fuzz/seed_corpus/fuzz_ed25519/0a446b5ce983584d898f6b749ca41def34d70a54	97	data	ac49f4e6d29388d4
fuzz/seed_corpus/fuzz_ed25519/12a84477a0060c445561a929a226c5daffbe5519	105	PDP-11 UNIX/RT ldp	0b8834c2e189f487
fuzz/seed_corpus/fuzz_ed25519/1b219144832ff6e28890a23ad3fb6ba0b36a9d58	98	PDP-11 UNIX/RT ldp	9cdbb364f299ff93
fuzz/seed_corpus/fuzz_ed25519/1da8fcd010c75c78332db1ccc31eb54da8ece817	35	Targa image data - RGBA (1027-1541) 3340 x 3854 x 16 +2312 +	88fc5299376199e9
fuzz/seed_corpus/fuzz_ed25519/1ebf5e45f8fc64eb67bd0a0497377388fa6cfaa0	59	Targa image data - RGB (1027-1541) 1284 x 1798 x 15 +264 +77	8808f11a31a936d2
fuzz/seed_corpus/fuzz_ed25519/24e0565d8dfe7b9267afa5d4905da744c04de100	33	PDP-11 UNIX/RT ldp	cc2150becb89cb31
fuzz/seed_corpus/fuzz_ed25519/2b7136da2604d0b5cd2d1144bf699febf7b8d28b	33	data	a232524f54a3d72f
fuzz/seed_corpus/fuzz_ed25519/2e576070ed7fbcf6b3e921c5b8c4607a87cc76d9	36	Targa image data - RGBA (8451-1541) 3340 x 3854 x 16 +2312 +	dc598ca326f6740c
fuzz/seed_corpus/fuzz_ed25519/3358f08da6ec2165df00a71aa9bdada70e49084e	104	PDP-11 UNIX/RT ldp	29dd392150888e4c
fuzz/seed_corpus/fuzz_ed25519/3627374762919e829d785760372681962814249a	33	data	2fd7536c5930d50b
fuzz/seed_corpus/fuzz_ed25519/39aca344610613ed28ee3b0675b77e18a8a39c61	104	PDP-11 UNIX/RT ldp	29a80c09f7945d37
fuzz/seed_corpus/fuzz_ed25519/3db500521775d42d2d5a88fada7ff57b1d014303	34	data	31d5f783eb96802d
fuzz/seed_corpus/fuzz_ed25519/4b48a8a44c03244331aa81acefbae4c08a39a3ec	101	PDP-11 UNIX/RT ldp	8b9f42e90b5e5854
fuzz/seed_corpus/fuzz_ed25519/5023161d6fc8a6cd17d199990eef7ff5ab79fd5f	46	Targa image data - RGBA (1027-1541) 3404 x 3854 x 16 +2312 +	875035c5334f4b5f
fuzz/seed_corpus/fuzz_ed25519/5a87428747e6bdbfb200a8074e9a42274496e0bb	97	PDP-11 UNIX/RT ldp	b48e71cbef43ccc0
fuzz/seed_corpus/fuzz_ed25519/61a5c5a2d83f4eb6387e140a6c8ebd276d36523c	104	PDP-11 UNIX/RT ldp	dbd6543c1361d36c
fuzz/seed_corpus/fuzz_ed25519/63cad35864604125e17fd7cf25d86f79f0babc89	105	PDP-11 UNIX/RT ldp	9f2be9846e6de163
fuzz/seed_corpus/fuzz_ed25519/68828b29929f104fdd39886cb75f2e9889bf9f33	33	data	8c44287317b6a8e6
fuzz/seed_corpus/fuzz_ed25519/688705823e5017dbaeb29cd6ea578517d904db7e	97	PDP-11 UNIX/RT ldp	8eacbf0a0db732af
fuzz/seed_corpus/fuzz_ed25519/6fe9009c05eaa344ebfbe3b6d802bcef3352f477	105	PDP-11 UNIX/RT ldp	0d29382a9b1030b6
fuzz/seed_corpus/fuzz_ed25519/70a3c5b5fd803fe1a5eefb10143af2841f7633d5	100	data	73131748a8ad3be1
fuzz/seed_corpus/fuzz_ed25519/72df1222e3ee40772fa6d46e9655cc6d24014e56	100	data	6dd35dc6f1884d4c
fuzz/seed_corpus/fuzz_ed25519/745bd653455ccb81ff8922a167ac8ebdb31a0631	103	PDP-11 UNIX/RT ldp	5e2e1118b59ae6b9
fuzz/seed_corpus/fuzz_ed25519/79ee4c2017cb33f8748baa608943fc5ca8b58682	105	PDP-11 UNIX/RT ldp	ce645340c918f239
fuzz/seed_corpus/fuzz_ed25519/7cea696a68120a76a2c9ee247460d8f7a2b86af9	35	data	bee203b90b81206f
fuzz/seed_corpus/fuzz_ed25519/7e686ea4593d955a174896ead932e33388ad980c	41	data	a58c49d1d5445c20
fuzz/seed_corpus/fuzz_ed25519/7ee0481d8d37469bd6c9750a3d106e1ac9366196	55	data	004ff16f13ec9911
fuzz/seed_corpus/fuzz_ed25519/8bad01a113175d63a809c843a3506a23d8b5f8a7	100	PDP-11 UNIX/RT ldp	f65694c842566ba1
fuzz/seed_corpus/fuzz_ed25519/8eb6e1b105d778b8a0f7979ce677e648cdb49320	34	data	5d8b19dc15aa32e3
fuzz/seed_corpus/fuzz_ed25519/9365ce004d1a0eed28a835f640a21676d14430a5	33	data	feef3c1ca0463ce5
fuzz/seed_corpus/fuzz_ed25519/992622c36e4e677bf7db308e5ae8763e491ee476	99	data	106101ba836227f2
fuzz/seed_corpus/fuzz_ed25519/9a596b812394a3febdb89afa0a83e4ae50698a35	34	data	e182eb24cd1d4675
fuzz/seed_corpus/fuzz_ed25519/a99a3a0ce00f18abd70291c42e6b843c7a1d2dcc	73	data	b3acdbeeaf3606e4
fuzz/seed_corpus/fuzz_ed25519/abd3a619ff8ccb08da17588bd014ef466d117888	45	PDP-11 UNIX/RT ldp	f322a0b6617a18c4
fuzz/seed_corpus/fuzz_ed25519/b14317f60537b1934bf82d0c74b01fc5e4dcc3c9	105	PDP-11 UNIX/RT ldp	59b34e27cdd0eb56
fuzz/seed_corpus/fuzz_ed25519/b2c9c90d0bbd3f4b75e2498ceae5467c3085e7cb	104	PDP-11 UNIX/RT ldp	8f5bd5e3cec29b30
fuzz/seed_corpus/fuzz_ed25519/b2ca6a7d6130b432acbc1330c4b98fbfd889cdab	33	data	c0e171e615a4a523
fuzz/seed_corpus/fuzz_ed25519/b53396164fc54a81291769a94e2f3883b97837d2	35	Targa image data - RGBA (8451-1541) 4368 x 3854 x 16 +2312 +	0b7fa8b1a5829fcb
fuzz/seed_corpus/fuzz_ed25519/b63b98d1e62f9da926d9928e0bb4f8fd7328d642	104	PDP-11 UNIX/RT ldp	5e7f751397ea97a1
fuzz/seed_corpus/fuzz_ed25519/be368cb9c4c1dfb297c0cb5187590faff18acd62	34	data	52270de34e8f6388
fuzz/seed_corpus/fuzz_ed25519/c0a7f1aa3453d5738ec1f3d1f87521db59db23ab	81	data	35da0ae4eb13e0f6
fuzz/seed_corpus/fuzz_ed25519/c3f0c8ef923a2ed71a05d4b1a94c0495eb205b9e	42	Targa image data - RGBA (8451-1541) 3340 x 3854 x 16 +2312 +	315fb73a915a2092
fuzz/seed_corpus/fuzz_ed25519/c74ac96647d60bc2757dd8396ca3416a2d4f01a9	98	PDP-11 UNIX/RT ldp	002db32ec866610e
fuzz/seed_corpus/fuzz_ed25519/cd5f6bfa504a04f9d666d3e718c2219a260c2c26	49	data	6c3537dc70a8426a
fuzz/seed_corpus/fuzz_ed25519/d4275098dbfec98db064890de7cd4876e630d0a5	97	PDP-11 UNIX/RT ldp	7dfef034c4dfabd3
fuzz/seed_corpus/fuzz_ed25519/da2b5e08416bd780bcb83d2278c707570c28eae6	81	data	7a65c8c7b1bb831d
fuzz/seed_corpus/fuzz_ed25519/dbe56b80f7627d4b10d000f3823d58d715fb5189	36	data	259ff47d2e8f69d0
fuzz/seed_corpus/fuzz_ed25519/e08af613e4079690b89c74a92b5a18131dc14a1a	104	PDP-11 UNIX/RT ldp	42307f7280181be7
fuzz/seed_corpus/fuzz_ed25519/ed1d1b04339a2ccfcb83a981f7e5edc99aed136b	104	PDP-11 UNIX/RT ldp	ab5a18ed6bdc07c2
fuzz/seed_corpus/fuzz_ed25519/ed29e7a3d13970e2ebe8e502e3726c1ccc6dc825	50	Targa image data - RGBA (1027-1541) 3340 x 3854 x 16 +2312 +	b75924d7e6b84ef9
fuzz/seed_corpus/fuzz_ed25519/ed86aed5ba83ce938b710564f7ac6ae8bc5d4331	104	PDP-11 UNIX/RT ldp	ececfa4888f85b11
fuzz/seed_corpus/fuzz_ed25519/f384bd7f725e1a3844bd972644fd0083b563f060	39	aria2 control file, version 1, piece length 0x2030405, total	cb41a4692c74da1e
fuzz/seed_corpus/fuzz_ed25519/f773ba36790b3255593144878e1cb0fbad46462e	42	data	eb53411e2a2f8601
fuzz/seed_corpus/fuzz_ed25519/f78f761d1f811ecdc60721decc3565eff7a2f1fe	41	data	e2af9ed49550751c
fuzz/seed_corpus/fuzz_ed25519/f8163702da1c3d029619c5764d1cbcdbf2c80901	33	data	2c32485e548ee689
fuzz/seed_corpus/fuzz_ed25519/fdd3ced175eb8f7224721dd70c2ccfc94424a0f5	48	data	fa3abf62b40dc1bb
fuzz/seed_corpus/fuzz_ed25519/fe034f287c88539d84808410aaaa5277bce3eb36	56	data	e47071d75e6018d5
fuzz/seed_corpus/fuzz_ed25519/fe14eb6e60da52d3301188767791e622fb12138e	36	Targa image data - RGBA (1027-1541) 3404 x 3854 x 16 +2312 +	96a70833b7015f86
fuzz/seed_corpus/fuzz_ed25519/ffdb09622826e5fb84d8865ba5b3928de4c58496	47	PDP-11 UNIX/RT ldp	39e4d6ce48ae0236
fuzz/seed_corpus/fuzz_ed25519/selector1_verify	48	Targa image data - RGBA (1027-1541) 3340 x 3854 x 16 +2312 +	04fdf4642a2614c3
fuzz/seed_corpus/fuzz_ed25519/selector2_batch	47	Targa image data - RGBA (1027-1541) 3340 x 3854 x 16 +2312 +	147d6a0f90cca3f8
fuzz/seed_corpus/fuzz_ed25519/sequential_32	36	Targa image data - RGBA (1027-1541) 3340 x 3854 x 16 +2312 +	d182f4e4006cb32e
fuzz/seed_corpus/fuzz_ed25519/zero_seed	36	data	96e1f30e90c085e3
fuzz/seed_corpus/fuzz_frost/0207a21a057961e26a936deba6646eb62f66b0cf	6	data	70bde3fe82164adb
fuzz/seed_corpus/fuzz_frost/035d51c2998dfce95981913f64d2fcbca16a9c5f	7	data	7cc108e578de6700
fuzz/seed_corpus/fuzz_frost/06f82ff92e47abbd6dc5294b3393c5979d3ceb7c	7	data	e2e09d8c9c9eff13
fuzz/seed_corpus/fuzz_frost/1083aba994cf5e11b8e6d6c8ec2e3a506179ee46	38	data	00ccc02212ea2143
fuzz/seed_corpus/fuzz_frost/111440b87622647d79be22949254da503d1b7a46	20	data	3ca8a2a521c2b43b
fuzz/seed_corpus/fuzz_frost/12ff942c3b0f28bd90e7ad9b3439511da2157c0f	7	data	96d24396580ef03f
fuzz/seed_corpus/fuzz_frost/161bc0d7483316929e49df37146cb3dd4df1f33a	9	data	7be839981ef2be06
fuzz/seed_corpus/fuzz_frost/17663881c4d28122bcd740d4bd8f268d63af2952	36	data	1c3f9e5b9dede285
fuzz/seed_corpus/fuzz_frost/18299cd28fce376cefcf5d39d3015cc5472376d7	8	data	b40ca54b5df72f5b
fuzz/seed_corpus/fuzz_frost/1898b7196336138eca65b37e2fcc0f76f3988f71	45	data	04dddde296040f98
fuzz/seed_corpus/fuzz_frost/1c261f751f04a047311b5c791a271cddefa23b2d	8	data	8b917671e6974a40
fuzz/seed_corpus/fuzz_frost/1d60ce8ca0ca7691ad22fa42ef9d478228bec7a0	38	data	aa47a9aa1af7cf64
fuzz/seed_corpus/fuzz_frost/28ef83b5368876440cebb3af680f3db04c58b001	34	data	f29c6950726f7552
fuzz/seed_corpus/fuzz_frost/348be2d5387a8ad8b91b6fc410c85c40ab8e92ad	45	data	6cc995f106e24181
fuzz/seed_corpus/fuzz_frost/38d06ba299e8b783a5fee4b4da9d835483d27907	8	data	226180be28291c2c
fuzz/seed_corpus/fuzz_frost/390daa1b65adb8e676dc49cb9aeaf74477b14ea8	6	data	c95bbad88c8dcd5e
fuzz/seed_corpus/fuzz_frost/39388f1491e4f34fc150be692019d3bc80b17c44	29	data	a7b35066c33a797e
fuzz/seed_corpus/fuzz_frost/3a45f8cec03c4b3c051b4e35ddb3ee3cbdc292a4	7	data	d9e89f32a4fd1522
fuzz/seed_corpus/fuzz_frost/3ca9d38e80f78b0a81b3ffee74fefcdabf7aae60	6	AmigaOS bitmap font ""	14a48ac6a9b22420
fuzz/seed_corpus/fuzz_frost/3cdd1d219aed363958ad80a4ad437bd83924263d	6	data	5bc8515f7380760a
fuzz/seed_corpus/fuzz_frost/3f690b4ba2b10926844450bc79ac9e9882638133	6	data	5e5e3be4c5406cb0
fuzz/seed_corpus/fuzz_frost/4c2ed6b2bafa04e6ab9a827af965329cdbbcecb3	8	data	5b539b05fc12086f
fuzz/seed_corpus/fuzz_frost/4f37cdee127dfaf52cb96b73dd8b6d2dec7ded64	29	data	f0f4ca5a7bf82e19
fuzz/seed_corpus/fuzz_frost/5448571c87ddb66839dc2d03c947aef4f22ca512	16	data	d33556ac5c7a22ee
fuzz/seed_corpus/fuzz_frost/59b229dad3e52acb307b0ce8840e3b4bcf350338	24	data	6d3b98476fae56b9
fuzz/seed_corpus/fuzz_frost/5d94a2947825aceb7292ca242c3c5d72d3c70b38	45	data	86152d26eb959e56
fuzz/seed_corpus/fuzz_frost/611e26eceb3c8f073b1bf0ebab96535e22b77602	7	PDP-11 UNIX/RT ldp	9b33f11901129975
fuzz/seed_corpus/fuzz_frost/63b6cd8cbc273bddd7685625179d66063a467d25	7	data	983427dcbae59cf1
fuzz/seed_corpus/fuzz_frost/6a14d6f4b653d2a29baa58422b4ffe707cff1057	7	ISO-8859 text, with no line terminators	6ddc0e5cb2b15541
fuzz/seed_corpus/fuzz_frost/6a8484c70f47f6dc61f8dde6b7508e233f088836	6	data	f6725594d366a935
fuzz/seed_corpus/fuzz_frost/6cfa0c403fa6cc5f743937a7862cf7e574399d84	10	data	c5aa5f84dd28249e
fuzz/seed_corpus/fuzz_frost/6e6a1e3cc82dc86ac280763aff9cc600dec039bb	6	AmigaOS bitmap font "", 12539 elements, 2nd, 3rd	52c564853807a066
fuzz/seed_corpus/fuzz_frost/742526e5ce47f8bef8344c224b208635ff063d58	38	PDP-11 UNIX/RT ldp	2d2dc79336ca18a5
fuzz/seed_corpus/fuzz_frost/76a1ca5a4da914ea54120a728c3f7a1f7bd251fb	28	data	a8d3f62eec970a1a
fuzz/seed_corpus/fuzz_frost/76cda7705a48b15c7e03ddd135ccd1cfbdb3d299	45	PDP-11 UNIX/RT ldp	e6a9369f6f29b920
fuzz/seed_corpus/fuzz_frost/77d314222b1ae7733a7c71ebec5612e4837b1b29	11	data	eddec295c6fddd0d
fuzz/seed_corpus/fuzz_frost/7995680201fbcfd8c321e58f9b401a04a99aa09c	6	data	f8d8f2fd2f4db50e
fuzz/seed_corpus/fuzz_frost/7e35012ebc73f49f5ffb988fbcc280beb83f6c37	11	ISO-8859 text, with no line terminators	ed5120b02f24d57b
fuzz/seed_corpus/fuzz_frost/8531638440c09312bf93a931ada56735a2341f26	7	data	1483d8a156a99963
fuzz/seed_corpus/fuzz_frost/86c8764586daad99a0c6a6686405de705a48c7dd	10	data	a7df5f555d7020af
fuzz/seed_corpus/fuzz_frost/88345f06515b09467c89e38456633973df299fd4	6	data	99f2d3c2a603ce3a
fuzz/seed_corpus/fuzz_frost/8aca40a82d41d1e65c726cd0e5616a337d638428	24	data	70ca5bfab647be37
fuzz/seed_corpus/fuzz_frost/954d6ec1ea21300c567d14129695b53ad9379c4a	7	data	3e0f2e4ca4108dd7
fuzz/seed_corpus/fuzz_frost/9a3eb10bb83e84924aeec59ee6d4f71730b8fe2b	45	data	57aa39477509a587
fuzz/seed_corpus/fuzz_frost/9d19a8357951ce77324a89cde07633e8d945aa63	8	data	0d7029227251f57e
fuzz/seed_corpus/fuzz_frost/9de744906fb02c7c091a01c4ce8c610173adbcac	6	data	587933abb7891a7f
fuzz/seed_corpus/fuzz_frost/a0b3d401c55370556c1e7c8623d0e38a2197a118	6	PDP-11 UNIX/RT ldp	34f74caa97bfdc87
fuzz/seed_corpus/fuzz_frost/a2d3295aae0e517e7ab6932579e4907ad1bc5cc2	6	ISO-8859 text, with no line terminators	246c43ef56af85e7
fuzz/seed_corpus/fuzz_frost/aa29bd4f1bf1487b98384920c814786dabd8584d	45	data	c9ddbd77a8a26c0e
fuzz/seed_corpus/fuzz_frost/ae9b7c1adef03c3a7a57dae5316be2675563ee7a	6	data	9cd7b58494ee9ef4
fuzz/seed_corpus/fuzz_frost/af4dbce64c4deb9358c230901d4019632739e3fa	7	data	f806e383cb18d85c
fuzz/seed_corpus/fuzz_frost/b1b2fec852615d3b3c9270f0bf286ed33a0170f7	7	data	ad65e85fbe9da57d
fuzz/seed_corpus/fuzz_frost/bc2ebb3bc4de11cf7427c147beb2e64cf507601b	38	PDP-11 UNIX/RT ldp	e812f6f0208fcff0
fuzz/seed_corpus/fuzz_frost/bf8b4530d8d246dd74ac53a13471bba17941dff7	1	very short file (no magic)	4bf5122f344554c5
fuzz/seed_corpus/fuzz_frost/c0fc04b747c852b3152a7420e88728d7c5a64cdb	6	PDP-11 UNIX/RT ldp	7ba2e301b239d8f5
fuzz/seed_corpus/fuzz_frost/c1b827c96143d9493d9be3fc2649ec310751eb32	21	data	6fb12122e7f1fb1d
fuzz/seed_corpus/fuzz_frost/c3d0e783141c4c8b832fbe3ceff4d790fd9583b5	19	data	22dc7eede146ebe3
fuzz/seed_corpus/fuzz_frost/c830e83f955620e3ed445cab324f930d6af365d3	36	data	5febaf0e48576817
fuzz/seed_corpus/fuzz_frost/cb3888300ebc3896c297e2cc32dbd5bc7a0be78d	6	data	a49b494918d4efb9
fuzz/seed_corpus/fuzz_frost/cb62096904e1462be9140a9d14ef535846f296b6	45	data	ca04e5003d47ecbb
fuzz/seed_corpus/fuzz_frost/ccccd94c24351f20f8360368cb7b93ffc238e84b	8	data	e362bcdcf2eca4ef
fuzz/seed_corpus/fuzz_frost/cd8af37d900d21918b3543e3f25be69a73ee68c4	6	data	9c10a272455bfe66
fuzz/seed_corpus/fuzz_frost/d1e50004f5b5e344c4a5f65a3430bb5b71608b15	6	data	6c7e9a8f5af8c57b
fuzz/seed_corpus/fuzz_frost/d25599282bbd06d80daedef88c31401e13b4dcf2	38	PDP-11 UNIX/RT ldp	ca770e765f1386b0
fuzz/seed_corpus/fuzz_frost/d8c8c8528198bf22e37eefddcb4d06f7cc91b7d3	37	data	1f82efe1ad0a341e
fuzz/seed_corpus/fuzz_frost/da63012c82a8b9b1be242c9d45f59bbc0822dab1	45	data	249f371aaa254d09
fuzz/seed_corpus/fuzz_frost/e2bef764a5be95576788711e97eae0b1b59f7b35	25	data	fc1f8b7fd6413048
fuzz/seed_corpus/fuzz_frost/e4c6eb5ef00ea77ea2959b7557e1a7d1e6ce7873	7	PDP-11 UNIX/RT ldp	30c2b8d4d3c32a6c
fuzz/seed_corpus/fuzz_frost/e7de5d90a8027511e415a151a6367184649c07e2	7	data	f5881a01872c59cd
fuzz/seed_corpus/fuzz_frost/ea9a6bc54e0e8e4550a77767d4f67f341773355b	28	data	ae1f87c75e9eaa84
fuzz/seed_corpus/fuzz_frost/edb6c8127ba471932e3c09592f3fcf8e16d85c50	37	data	0157baef4800b433
fuzz/seed_corpus/fuzz_frost/f57ddc0e7964fd14e94821a319ddae4e39a3ad62	13	data	ed9f819aefb2ed50
fuzz/seed_corpus/fuzz_hkdf/14b8ba9f47d062f7fc56fc5daba48ef15309dd2e	5	data	27d72c1124517272
fuzz/seed_corpus/fuzz_hkdf/153499b1cdf0f2e75f660aea1fb0d8c49d6274fb	5	data	52a08539069afb90
fuzz/seed_corpus/fuzz_hkdf/183f1e10110ae3f1f3565ea45f6ac892814bcd66	8	data	88fa62cb271f29fe
fuzz/seed_corpus/fuzz_hkdf/1ca6aac800bb9702b59c43f210f3f36828abe5d8	107	data	b47651bd4c285ac7
fuzz/seed_corpus/fuzz_hkdf/299836bfd67c33dbfa9950b0912ddd2ac34fa8f6	30	data	e5dcda3158399168
fuzz/seed_corpus/fuzz_hkdf/30befdd745466b707c89ded88e5c8c1b6e283f1f	12	data	d6ff2116cea9ce47
fuzz/seed_corpus/fuzz_hkdf/360f3ca2291af0a72061b84e12530891fa7816d5	5	data	a9cdfa9de51c9a6a
fuzz/seed_corpus/fuzz_hkdf/3d2f46540a91e5f329742a8f53ae8968a06bfb71	10	data	2cf62783aac35465
fuzz/seed_corpus/fuzz_hkdf/41d8424c3bcc19d348547b3bba85a16acce2732b	8	data	98354be303198e13
fuzz/seed_corpus/fuzz_hkdf/451f877115976c0670344dd6d8b2cabf8404d269	8	Non-ISO extended-ASCII text, with no line terminators	ac9da0c89eb3d938
fuzz/seed_corpus/fuzz_hkdf/479850d9b999351dfb640577930eacbacdb41205	36	TTComp archive data, binary, 4K dictionary	d04ee9943d67a457
fuzz/seed_corpus/fuzz_hkdf/5d62752f2614c43798e70a04a8e2ea1499802e25	5	data	6c75d0bad2156777
fuzz/seed_corpus/fuzz_hkdf/65b5defd1c99e0bc97f7d4fe6f17871ea2fe7835	138	data	79d1cec66100bb90
fuzz/seed_corpus/fuzz_hkdf/6e20a8f5d07414c2df9cbc1894d9816935a5890a	108	data	ab7bf49d49ea675a
fuzz/seed_corpus/fuzz_hkdf/7b8585df85b89c3c778bffee3fe3f0d6fc1d1757	41	data	07cde6014b0702bd
fuzz/seed_corpus/fuzz_hkdf/7dfcde1329ae3e3dd5653644f2ef1deeba8665f2	5	ISO-8859 text, with no line terminators	132369a3b7f24fa6
fuzz/seed_corpus/fuzz_hkdf/8c1714cee807b7d81ff738f94159f9d79f32a9ec	117	data	7c8fba93e45a62b4
fuzz/seed_corpus/fuzz_hkdf/90aebe5d411d68ee8dc7cab378c9a7122c215463	12	data	7ffd9a83326847a4
fuzz/seed_corpus/fuzz_hkdf/924fa35011f9f65d7c1eeebd85a51a4078fcb02f	15	data	e1d1ef336652a40d
fuzz/seed_corpus/fuzz_hkdf/a03f00d41f9310f43ad1bf35017fad9a34635b6b	29	data	44bf91b181c4708e
fuzz/seed_corpus/fuzz_hkdf/a1d01ff10cb7e5d6bb7a439cdf20fba28d7be09a	129	data	76dfe40f1b38cc2a
fuzz/seed_corpus/fuzz_hkdf/a2b6e0b8ee8611b7d6807da89429685aaa089bd9	5	data	50ad05e92f35ee24
fuzz/seed_corpus/fuzz_hkdf/a2d30f9f5c150befcf09de282197f8493135723a	8	data	14b78430d34b6f19
fuzz/seed_corpus/fuzz_hkdf/a3f0b555324080a3b56fd17d70f6115c77fdea73	7	data	a0923cdd69e29b88
fuzz/seed_corpus/fuzz_hkdf/aa8e161ed3912e403b66abdb3235ae284af9df3b	5	OpenPGP Secret Key	fc358ccefd07d60d
fuzz/seed_corpus/fuzz_hkdf/af011a31f5502c5b7bcf4e82b6d92ece227a74e7	5	data	5d407a1803ab7304
fuzz/seed_corpus/fuzz_hkdf/bb94cf2f8d832c364ff215fdfd7d72f27385cebf	38	OpenPGP Secret Key	0b6382a30cf38a29
fuzz/seed_corpus/fuzz_hkdf/bf8b4530d8d246dd74ac53a13471bba17941dff7	1	very short file (no magic)	4bf5122f344554c5
fuzz/seed_corpus/fuzz_hkdf/c5ee80ec681289e410a343d22e7b43a7affa267a	35	data	7962a892ddee88cd
fuzz/seed_corpus/fuzz_hkdf/cb18e924ca346e9a673d9a81c521c682fb5cf508	42	ISO-8859 text, with no line terminators	3e04b601476c1ab9
fuzz/seed_corpus/fuzz_hkdf/cf1a7d05c87b5dc01b4c941e19d7efec3551619b	34	data	66eefceae0df6184
fuzz/seed_corpus/fuzz_hkdf/cfb579e13b5268ea0904957b6c6d172ec81c6f58	150	data	be98fa3749420d6b
fuzz/seed_corpus/fuzz_hkdf/cfcab6bcd59920d607b067900e148e4eb4467641	34	data	5deee35990ccd12c
fuzz/seed_corpus/fuzz_hkdf/d230c1ce3b1600076ac1f0b1e100dd480c485799	50	data	897f7dbbd89e1e8b
fuzz/seed_corpus/fuzz_hkdf/da081f106abd21b0209b29a731fc3c6e75049013	35	OpenPGP Secret Key	9715e95a325f45d7
fuzz/seed_corpus/fuzz_hkdf/de16a377faa3399df3f5d6c604611fe5e4a3765a	24	data	787766b1bc24fd08
fuzz/seed_corpus/fuzz_hkdf/e4640f8f93fac2cb8ac1370c9519c74412c6c62a	10	ASCII text, with no line terminators	f2c5e450f3e39b0f
fuzz/seed_corpus/fuzz_hkdf/e69c801dca368f3d7f98236c8b7592b1b4d4e391	5	data	b15d9a4a84ddd715
fuzz/seed_corpus/fuzz_hkdf/ea8193372e13d725c11716872219de23fbe6da60	50	ASCII text, with no line terminators	2645919da9d9c368
fuzz/seed_corpus/fuzz_hkdf/f053b5712b8295844d5c3bbb43bf8dc36dd5dca4	19	Non-ISO extended-ASCII text, with no line terminators	bf9656485898602d
fuzz/seed_corpus/fuzz_hkdf/f99189066ddf3609ce43c870b0c2082e0fd4fec2	21	Non-ISO extended-ASCII text, with no line terminators	eac64a3a2ea048c8
fuzz/seed_corpus/fuzz_hkdf/fd33b73d5ebb4e3cf007b52e15d3a8132d02e311	52	data	570a337372cebc95
fuzz/seed_corpus/fuzz_kyber/0ac876e85880b3212c57db92fda76d51c0451c67	65	data	cd1f00a9e50a79d2
fuzz/seed_corpus/fuzz_kyber/0b2b3f721ba7c63f47fcb43d34794695993acdc9	65	data	b29ef9d29cec06c7
fuzz/seed_corpus/fuzz_kyber/0d08c150d40a7a7595e5300e92f58f1560bd8619	2	data	fbc6134781bfa3f1
fuzz/seed_corpus/fuzz_kyber/15dc8ce04fb7e441b5d4191947bd6b20b5ad7b89	65	data	fb37375486842781
fuzz/seed_corpus/fuzz_kyber/1eb2f530b8cdc32aa97c439f720806d9064ad1a4	65	data	f3c23aa5839fc8ef
fuzz/seed_corpus/fuzz_kyber/20545657ff10fa0c20887bbd9bf7b0e91540a684	67	data	ac9da2f8aafbb505
fuzz/seed_corpus/fuzz_kyber/20a492492677c71581f3a6baa425f1a7b85426b1	68	data	7fb744cce121a048
fuzz/seed_corpus/fuzz_kyber/24ebc9fc7816d5a638a33dad58b311e30dfb365f	4	ISO-8859 text, with no line terminators	5ce6a3a0617bf2cf
fuzz/seed_corpus/fuzz_kyber/25f147c1d23509b677f5568d0161237d6c9dc9c9	68	data	efff6ec4dff767e5
fuzz/seed_corpus/fuzz_kyber/327703122ef8bb651609e4a3fb62fe1906278b09	65	data	4e933fa62f2fd742
fuzz/seed_corpus/fuzz_kyber/3a1536921677f9b31f6ae7ed4296eec993c3a7ba	5	ISO-8859 text, with no line terminators	cf9cfba02a8a96ae
fuzz/seed_corpus/fuzz_kyber/3bb54b8c254aae8bb9a25e6d427652f26b55f9a2	70	data	29e4cb07c5085568
fuzz/seed_corpus/fuzz_kyber/43ac94a9079dbb07e4c664dc6a6b884b4125081e	65	data	ccfcb1dacf4e0733
fuzz/seed_corpus/fuzz_kyber/4410854c38d1d802ad36536286d5be8372573da9	65	data	5fde9c10f4f2d308
fuzz/seed_corpus/fuzz_kyber/4606138fbddaf941f0939f8bf4fbb40052a2a53d	66	data	9f08d349d3a7c4fa
fuzz/seed_corpus/fuzz_kyber/4976a18cd0590387271d35d303359fd7f0e45f51	65	data	20b5b441d4267e3f
fuzz/seed_corpus/fuzz_kyber/51d2de88093dc70c25ff1cdefa4a4b1b3d832ec0	65	data	81c7e1ddd34ca2fb
fuzz/seed_corpus/fuzz_kyber/5bc73388ff80bf06715824830b5b551abe09b643	65	data	644f49abd13e0724
fuzz/seed_corpus/fuzz_kyber/5c2a3e1fe5b4eed46361746db2ed939cd9cc4d32	65	data	e946c9f7eb7e763c
fuzz/seed_corpus/fuzz_kyber/60425bf97018375a3338f803898789f3c6dc31a2	65	data	a084d42eea48ac57
fuzz/seed_corpus/fuzz_kyber/705b21b0d0c699c19db312203fd713d75d804114	27	data	b0fe75415e84a7bd
fuzz/seed_corpus/fuzz_kyber/7328db408a54179175e759722829a02dc82090f3	65	data	6c64649eb5edbc2c
fuzz/seed_corpus/fuzz_kyber/77682dc627fd3f957de9705d74d6c4a15f965f81	65	data	79972b11a4055580
fuzz/seed_corpus/fuzz_kyber/7e70af961a2f88adb9db7b9c3b5f25a532c1570a	2	data	1f6f527973a21d4c
fuzz/seed_corpus/fuzz_kyber/80d9ad0af4e9d34144a948abd7ffcdb4920a7b81	65	data	d1d002d1277ab58d
fuzz/seed_corpus/fuzz_kyber/80f4177db9b7dbee8f767560fd3e4f0007d45aa2	65	data	169a7c5183e22b8a
fuzz/seed_corpus/fuzz_kyber/9c3b7bb78e6c724ff1d25eb68607824bfffc7578	65	data	f9170b4bb551360b
fuzz/seed_corpus/fuzz_kyber/9daa138e6be2dd0d6f3ca90238ffbf66699266b6	65	data	87d4b0872b55efbc
fuzz/seed_corpus/fuzz_kyber/a073898d9c5c40d8c098d661d0079cdc53223b81	65	data	99fe724419898171
fuzz/seed_corpus/fuzz_kyber/a0b4c6801a2b55436b999f3178cf86ba8ba5678d	65	AIX core file fulldump 64-bit	86242eb0983a1db8
fuzz/seed_corpus/fuzz_kyber/a19bd329636e15ebe9dd179597ab444c58207222	65	data	482097378ab848ff
fuzz/seed_corpus/fuzz_kyber/c03ab6c2570006fad17603cfbe1888ac5a807949	3	ISO-8859 text, with no line terminators	8b9321bf9a3d0024
fuzz/seed_corpus/fuzz_kyber/c5651461867a20e23065cfcc541cccaa0dddcd7d	65	data	e32e37903c7d48ce
fuzz/seed_corpus/fuzz_kyber/c8fa13486ffff77b5fa3571520f1864ff76a8483	66	data	b2f07c35b6cf2754
fuzz/seed_corpus/fuzz_kyber/corrupt-default-mask.bin	2	VAX-order 68K Blit (standalone) executable	ca6c6588fa01171b
fuzz/seed_corpus/fuzz_kyber/corrupt-first-byte.bin	4	data	afa7518106309c22
fuzz/seed_corpus/fuzz_kyber/corrupt-first-v-byte.bin	4	locale data table	d35e946a4e048398
fuzz/seed_corpus/fuzz_kyber/corrupt-last-byte.bin	4	VAX-order 68k Blit mpx/mux executable	a293b953f3739c61
fuzz/seed_corpus/fuzz_kyber/corrupt-u-v-boundary.bin	4	locale data table	0365bc9f8eed23bd
fuzz/seed_corpus/fuzz_kyber/ct-exact-ff.bin	1569	data	f8fcce4d20df7151
fuzz/seed_corpus/fuzz_kyber/ct-exact-prng.bin	1569	data	33438702453e31b2
fuzz/seed_corpus/fuzz_kyber/ct-exact-zero.bin	1569	data	ac14502efb078269
fuzz/seed_corpus/fuzz_kyber/ct-one-byte.bin	2	data	b3c6a387ef377d30
fuzz/seed_corpus/fuzz_kyber/ct-one-long.bin	1570	data	2099d53cd3fec734
fuzz/seed_corpus/fuzz_kyber/ct-one-short.bin	1568	data	67bc804ae1fab112
fuzz/seed_corpus/fuzz_kyber/d38c2a4719834e02f38b35b4f61fa30a3aec4659	3	ISO-8859 text, with no line terminators	a173a73fd6702c1c
fuzz/seed_corpus/fuzz_kyber/da33e41954997c24ad31f6c1845e18510b384f67	2	data	ea5dbf9596d187e9
fuzz/seed_corpus/fuzz_kyber/e3f78ab1c963bdf98e18939de501f42de25f54b4	65	data	359659f28bd2cbc1
fuzz/seed_corpus/fuzz_kyber/eb1960a9c37a7702107f8f9f6e2b9eef78067882	65	data	af9e96ecae5b33be
fuzz/seed_corpus/fuzz_kyber/f6b53051c1e102b481f45d122a106a1e52645734	25	data	2424046a9671095f
fuzz/seed_corpus/fuzz_kyber/f8c65a5cd1e8a329e77404927ffa89c983d8b1e4	65	data	f8984498702c93b0
fuzz/seed_corpus/fuzz_kyber/keygen-seed-exact.bin	65	data	881cfa833d7b4c55
fuzz/seed_corpus/fuzz_kyber/keygen-seed-one-short.bin	64	data	df4de4ce932e915a
fuzz/seed_corpus/fuzz_kyber/pk-exact-ff.bin	1569	data	da763598732f8be9
fuzz/seed_corpus/fuzz_kyber/pk-exact-prng.bin	1569	data	268524428abfd4d5
fuzz/seed_corpus/fuzz_kyber/pk-exact-zero.bin	1569	data	661943940d948278
fuzz/seed_corpus/fuzz_kyber/pk-one-long.bin	1570	data	6ad7762b16543df2
fuzz/seed_corpus/fuzz_kyber/pk-one-short.bin	1568	data	04d6002553741fc2
fuzz/seed_corpus/fuzz_kyber/roundtrip.bin	2	data	96a296d224f285c6
fuzz/seed_corpus/fuzz_kyber/sk-exact-ff.bin	3169	International EBCDIC text, with very long lines (3169), with	5f44b00a1053bd3d
fuzz/seed_corpus/fuzz_kyber/sk-exact-prng.bin	3169	data	8bdcc744bbe09cc8
fuzz/seed_corpus/fuzz_kyber/sk-exact-zero.bin	3169	data	c1c125abff0fce26
fuzz/seed_corpus/fuzz_kyber/sk-one-long.bin	3170	data	9140b56149978c1a
fuzz/seed_corpus/fuzz_kyber/sk-one-short.bin	3168	data	51e5c52017984a00
fuzz/seed_corpus/fuzz_secp256k1/093664234aebbfe1f2917f9d77f939b02e8e65eb	66	GTA script (SCM), used in GTA III/VC/SA	72de220ea82bd477
fuzz/seed_corpus/fuzz_secp256k1/1489f923c4dca729178b3e3233458550d8dddf29	2	data	96a296d224f285c6
fuzz/seed_corpus/fuzz_secp256k1/2b02d472ded470e3135c3cc6cb81bc102e04f390	65	GTA script (SCM), used in GTA III/VC/SA	dbc93471cca8426f
fuzz/seed_corpus/fuzz_secp256k1/5ba93c9db0cff93f52b521d7420e43f6eda2784f	1	very short file (no magic)	6e340b9cffb37a98
fuzz/seed_corpus/fuzz_secp256k1/64ac47da8d4511278bc403edc212b11cd599bc6a	107	data	23451be6fe253e06
fuzz/seed_corpus/fuzz_secp256k1/76b4cb18ebde61c7699800df4fb982ca8245df68	97	data	d058b023c96439d5
fuzz/seed_corpus/fuzz_secp256k1/78b31f67f9426deaeecfbf13dc16f06b83c2b1e9	35	data	efbddd6945f80f14
fuzz/seed_corpus/fuzz_secp256k1/8c30db273b89343a19e880bd059630d1e383232c	65	GTA script (SCM), used in GTA III/VC/SA	1e17437018394360
fuzz/seed_corpus/fuzz_secp256k1/91f04f76f1dde08881cddc1f755d6af8e49a4a01	6	data	186128bf8a4d60eb
fuzz/seed_corpus/fuzz_secp256k1/9932e418c1d1aee27e43e5ac53444b3cee0e08e1	105	data	904e154d49f89cac
fuzz/seed_corpus/fuzz_secp256k1/9a8f128265e48cf2cb691b4cefccc0556d9cbd3a	20	data	e9ff0e6e6de95da5
fuzz/seed_corpus/fuzz_secp256k1/a144baed7d9a79846a8c24d6393d39efd311aac9	65	GTA script (SCM), used in GTA III/VC/SA	018c4e69bfb44bc6
fuzz/seed_corpus/fuzz_secp256k1/a979ef10cc6f6a36df6b8a323307ee3bb2e2db9c	1	very short file (no magic)	a318c24216defe20
fuzz/seed_corpus/fuzz_secp256k1/ae5b5f1db13c1556006c5c4dd15ac381f3805ea7	33	data	164aba3ad5212944
fuzz/seed_corpus/fuzz_secp256k1/ae7fca60943c2ef2f6cf5420477da41acf29b01d	5	data	15f2f1a4339f5f2a
fuzz/seed_corpus/fuzz_secp256k1/affb0e5424710808f97849ba15120f6da02ea120	33	data	9357a3c2c0277255
fuzz/seed_corpus/fuzz_secp256k1/b68542373c05c0ed25231d09955b2c699d37c45b	1	very short file (no magic)	aa687b58b0e73e2e
fuzz/seed_corpus/fuzz_secp256k1/bab28d37a4c5a65cf63beda913c5c07eaf155d6d	74	data	1ea13f41eabe9841
fuzz/seed_corpus/fuzz_secp256k1/c1edf0404a308a32fe650cf6cb247ce00b00614c	4	data	e95ddbb319142aae
fuzz/seed_corpus/fuzz_secp256k1/c3156e00d3c2588c639e0d3cf6821258b05761c7	1	very short file (no magic)	4ae81572f06e1b88
fuzz/seed_corpus/fuzz_secp256k1/c429de063cb2934b552056daf6c3b962c9598c82	97	data	a760ccc24d263e5e
fuzz/seed_corpus/fuzz_secp256k1/c4ea21bb365bbeeaf5f2c654883e56d11e43c44e	1	very short file (no magic)	dbc1b4c900ffe48d
fuzz/seed_corpus/fuzz_secp256k1/cb473678976f425d6ec1339838f11011007ad27d	8	data	cd2662154e6d76b2
fuzz/seed_corpus/fuzz_secp256k1/d26107ed432a93c85b2fcf34c1b34599b91afa30	65	data	d0bbf4feae0ff12b
fuzz/seed_corpus/fuzz_secp256k1/dc9e44dc2a9a9048f77095c80cecebb18bac9898	3	data	dcc0d065bf2bafaf
fuzz/seed_corpus/fuzz_secp256k1/e692658fa45d9eab196d20d5e18bde3a3bcd3670	10	data	52807a4607ea5deb
fuzz/seed_corpus/fuzz_secp256k1/fb83dc1271d80fa48462b5097295a7e306842ae0	97	data	b0d2a2b1111be502
fuzz/seed_corpus/fuzz_sha3/03fa95c77415b6c8691a0dc1d13e195ccd1b897c	2	International EBCDIC text, with no line terminators	4e0ba74658164353
fuzz/seed_corpus/fuzz_sha3/04f029feccd2c5c3d3ef87329eb85606bbdd2698	1	very short file (no magic)	67c872d4912c71f1
fuzz/seed_corpus/fuzz_sha3/06967d8e4a36243a7dc6404de1b1141f744adf2e	2	ASCII text, with no line terminators	6956e1dffd6851cf
fuzz/seed_corpus/fuzz_sha3/0e79ef39b5a9e933708fecf6b8dfa4c6ec3c74d8	1351	data	fe142119f33dea66
fuzz/seed_corpus/fuzz_sha3/0f5ae59cf94b81676d53d44a5a37fa043d4dbdd9	4386	data	57af26addf82ac64
fuzz/seed_corpus/fuzz_sha3/112a6c6a14097e3f060dbd990e7f74116fc06a93	2325	data	eca2dbddca489154
fuzz/seed_corpus/fuzz_sha3/1286b317cd83eee3c5c1350f2e83463751f44bcb	1098	data	127ac49428946dcf
fuzz/seed_corpus/fuzz_sha3/1347b9ac96ee65e2442f0baf48555eb977a6b366	4126	data	f15ad84d5b6055f9
fuzz/seed_corpus/fuzz_sha3/13fe9fd2e16cb2dfd4137039cfa338e990ed2cdc	2	data	009bcd40e9707180
fuzz/seed_corpus/fuzz_sha3/15da3149e231811fd112058014cefc6ac5d73e46	678	data	8b5ed339cb1bf22c
fuzz/seed_corpus/fuzz_sha3/17c01129528f9de626926f2a6c7c69c425420928	2329	data	da0d855bde872afd
fuzz/seed_corpus/fuzz_sha3/187033aeedb8f13cd733a3c9058d7124c1853543	695	data	bb650a5a78bf190a
fuzz/seed_corpus/fuzz_sha3/218bdf3ce904810f58b348698f0687d76c5e6bf6	2419	data	77f09c316d67e367
fuzz/seed_corpus/fuzz_sha3/254a695600556b629524561e32f668c11de4fd3c	276	data	85c07f1c56a82bef
fuzz/seed_corpus/fuzz_sha3/259495fdbb5cee7a86eb75653de1c0a481898aaf	545	data	28cedf971616b93f
fuzz/seed_corpus/fuzz_sha3/266e56dc6430eab050152906e4c88b8d04ad8887	533	OpenPGP Secret Key	2131ff37edc8acec
fuzz/seed_corpus/fuzz_sha3/26cc88275293e8cb82ee758a45f5104a9c53830d	1200	data	42d25f3f6752bfd1
fuzz/seed_corpus/fuzz_sha3/273fcc1a848dda76e8788e9b376b2208b2abaeb4	4201	data	d70d1437c5275aa0
fuzz/seed_corpus/fuzz_sha3/291c3d616c2ff81df3a8003d25206bc0e0572234	139	data	43efe41dad3a47d5
fuzz/seed_corpus/fuzz_sha3/2b490b1877d32ac887ed9ccb9247292cf368adcf	4228	data	d2ed61f8a4fd699d
fuzz/seed_corpus/fuzz_sha3/2d14ab97cc3dc294c51c0d6814f4ea45f4b4e312	1	very short file (no magic)	41b805ea7ac014e2
fuzz/seed_corpus/fuzz_sha3/2d2a551d463fbc61bb996d3e3ac08e65caf47ba1	2391	data	9c2d7ff739d851c2
fuzz/seed_corpus/fuzz_sha3/30b65264dc0ae688bfb07e89298b679d6027b313	340	data	567719af9ef7245d
fuzz/seed_corpus/fuzz_sha3/30d76230aae214673ef8ee718dffa4b823466d46	1178	data	6dcf4a92ab41372a
fuzz/seed_corpus/fuzz_sha3/31e1bd306a28298f7a26f37d25239413efac15a9	1096	data	30e58d505045b947
fuzz/seed_corpus/fuzz_sha3/33718e04a5072f6934bbacf6a55d887ae30b9733	2091	data	4141c60f8f837f97
fuzz/seed_corpus/fuzz_sha3/3891c8cb3dde45f38efe91b3d1da2d99eeed0191	2344	data	e2327d0de23d894a
fuzz/seed_corpus/fuzz_sha3/3b008a56fac2f386b74dd5ea272de34e218af688	2023	data	99d7c6ddb477f9ff
fuzz/seed_corpus/fuzz_sha3/3ea4fb867d63b804195322ea5f56173e1aaa1b53	14	data	9deb41f7ca69f33a
fuzz/seed_corpus/fuzz_sha3/40585907b3eb32c9342ca024161656e4993f78e0	75	data	342b41340239eb28
fuzz/seed_corpus/fuzz_sha3/429ab3c10b878cc5e2e10763208713fca64bdb79	2345	data	1355f6c4aff6b06c
fuzz/seed_corpus/fuzz_sha3/4345cb1fa27885a8fbfe7c0c830a592cc76a552b	1	very short file (no magic)	bbf3f11cb5b43e70
fuzz/seed_corpus/fuzz_sha3/443831eef7dc634146a0ebfeb26f155dc05ccb9f	337	data	65ee6d25e24ef4c8
fuzz/seed_corpus/fuzz_sha3/479abbb7a03e83a6115544cc9eb592bb0e3a4a1e	4043	data	296e3c92d578330a
fuzz/seed_corpus/fuzz_sha3/48a693c1b3c01566a5505b53f1d50cc0271003f1	547	data	74f6f959bc3f41ed
fuzz/seed_corpus/fuzz_sha3/4c311e0d644c5254b147b41342b900e258274089	2311	data	057f6e336b36bd9a
fuzz/seed_corpus/fuzz_sha3/5379fc9684029f8c73e21e2f2b7e34be2afaa225	73	data	45de26fbd6273f54
fuzz/seed_corpus/fuzz_sha3/53d5d379d218a398312d48cdb238e711b5c45b7f	1181	data	b90e4c46213d3bbf
fuzz/seed_corpus/fuzz_sha3/5882b6a7ac46e06416c6600ecd96cd98c33ff164	507	OpenPGP Secret Key	82848ea0282eb237
fuzz/seed_corpus/fuzz_sha3/5981c4407ac2e5263b14f5768e7e9791327f5237	4	very old 16-bit-int little-endian archive	e8a72f8f2ef33b04
fuzz/seed_corpus/fuzz_sha3/5c2dd944dde9e08881bef0894fe7b22a5c9c4b06	1	very short file (no magic)	189f40034be7a199
fuzz/seed_corpus/fuzz_sha3/5e3e5e782bb485405cbc6094819b5e80c1dd328f	278	data	3f6891aaefca4921
fuzz/seed_corpus/fuzz_sha3/615ea376a27f361838f1e38ac8554a71ffd516ac	4045	data	c13f0881ebbdbb9e
fuzz/seed_corpus/fuzz_sha3/6232c9b63384b733fad41841d32607d1abcaccf1	273	data	df011b303fcc95c5
fuzz/seed_corpus/fuzz_sha3/65aec589c9c86cb5ae68a0e2659f163e262eefca	16	data	3e9a221f408e2822
fuzz/seed_corpus/fuzz_sha3/694b6da0ab983acf9bcaa6127081be89740609a0	3026	data	c8f324d28a901d00
fuzz/seed_corpus/fuzz_sha3/69ad8f64bde27247726010836340af46973cc4f2	2194	data	64eb6aa257d0a30c
fuzz/seed_corpus/fuzz_sha3/6bb6d7580bf2efb6799f7a6d0e13b947f10ec8dd	511	OpenPGP Secret Key	d2aa64bcf276aa03
fuzz/seed_corpus/fuzz_sha3/75f897d6ce098f27cc20c9351121318bff6eecc3	145	data	2f81ca4534431010
fuzz/seed_corpus/fuzz_sha3/764e8555b145a1795cfac27ebfadcc42a65bd822	1357	data	f6b81a91bcb04617
fuzz/seed_corpus/fuzz_sha3/797926db426d2f4b3607725bfdfbb16dcf04cd3c	1347	data	05348fcba657c69f
fuzz/seed_corpus/fuzz_sha3/7ae2eb931a7a2dee7d4325f6e244b5d991d75c20	1091	data	3e4bdb967a3965b8
fuzz/seed_corpus/fuzz_sha3/7f32cca36aa27d96064faccfdb8ff509cabc6202	413	data	553040dd98fd0741
fuzz/seed_corpus/fuzz_sha3/84bdd5d14e35b1113bd9b0f5202c136ebf900727	2	ISO-8859 text, with no line terminators	c161a90c237ecc81
fuzz/seed_corpus/fuzz_sha3/85121eb08fb4f0a68b5b7211c2e7996207981219	32	data	7e1c045b0d740c5b
fuzz/seed_corpus/fuzz_sha3/861e0340b93771092413a6e7ee404f004010e1f2	682	data	c6f24bd0ae87fa22
fuzz/seed_corpus/fuzz_sha3/8649e21ffd283c7dee8d74a0eed4b0ab253b7a97	3374	data	f9134fc1d39ccc49
fuzz/seed_corpus/fuzz_sha3/89064cbfd969e6b3890acbbdfd9c4bd9735ee899	550	data	dd61c264bc28a6c4
fuzz/seed_corpus/fuzz_sha3/8afc7c87ca4a4eab7b6d43e00979eb2ab7387e4d	2693	data	735aab86e0f62452
fuzz/seed_corpus/fuzz_sha3/8ca4bf08ea251addba977af08cbb7393b2a06c73	169	very old 16-bit-int little-endian archive	67ecdd3f5c8fbb24
fuzz/seed_corpus/fuzz_sha3/8d8cdcb3b0bc2a2e95e871c7a2def9e56838aeca	2315	data	b79089024b98ac06
fuzz/seed_corpus/fuzz_sha3/8dc00598417d4eb788a77ac6ccef3cb484905d8b	1	very short file (no magic)	e77b9a9ae9e30b0d
fuzz/seed_corpus/fuzz_sha3/929128f50317da57af845a760bdffb25d87a1c56	2057	data	f8f059a57447bd44
fuzz/seed_corpus/fuzz_sha3/950003ff3d8d963cb962779c09e0781a176729a1	7	Non-ISO extended-ASCII text, with no line terminators	34eb8aea1623299d
fuzz/seed_corpus/fuzz_sha3/9b16954c238e58705e1ec8ebc0b268a3676556f7	2314	data	1cd80d1541470cc0
fuzz/seed_corpus/fuzz_sha3/9c2036d64feb1e62d4ee2c75fe2e7923b34efed0	1349	data	79006cd5c72552ac
fuzz/seed_corpus/fuzz_sha3/9c2a48efec227d3b50f5653019ccb3d358e375a3	138	data	6f71ecb96dfbe8b1
fuzz/seed_corpus/fuzz_sha3/9deebfd5675ee65bd5a3f08cf9eebd6d68f59208	2	very old 16-bit-int little-endian archive	6305a8e928a9ae71
fuzz/seed_corpus/fuzz_sha3/a08cf27fa74f7ec2c5407cc1371ec321cd23d080	410	data	908d6fddba3b653e
fuzz/seed_corpus/fuzz_sha3/a145cfe3b69404830171cd392ac847da4e7b98d2	4360	data	8c0fa204a2e1b9aa
fuzz/seed_corpus/fuzz_sha3/a29af9f8c5b6aca812bcb43e9cbfdeb789ba4739	681	data	2dabb623d1f68b8b
fuzz/seed_corpus/fuzz_sha3/a5dfa7fc817a2ec462fc780817246fabcd1563d8	2317	data	bf87563a7b886d58
fuzz/seed_corpus/fuzz_sha3/a6630019020cd4a1bad6f2a4e6efb7d872e0ca6f	8	Non-ISO extended-ASCII text, with no line terminators	6818a73a68d76fe3
fuzz/seed_corpus/fuzz_sha3/b165ec60b9285fc072669597fac4724713ebd33f	685	data	21c6db1e0d8f3eed
fuzz/seed_corpus/fuzz_sha3/b2012a4fcd9e84904e9b631552345bc6e8687a26	2395	data	c7e8f2accb62d003
fuzz/seed_corpus/fuzz_sha3/b4ca4025ca387b206e6cdfbacb4bd76fd8eeb493	171	very old 16-bit-int little-endian archive	ff7accb51ca5078d
fuzz/seed_corpus/fuzz_sha3/c6153230b6b8e6e9e3b2afb177bfb73bbba56aa2	3	data	52d00fa9d262ee6e
fuzz/seed_corpus/fuzz_sha3/c88d1e02ed536f52609f226f53a1dd3a84c7c4e4	2416	data	02cdd36b7d2a0a8a
fuzz/seed_corpus/fuzz_sha3/c8f2ff3613d98c2e017dea6841478d3299ec529c	2178	data	5c4665b07787ed81
fuzz/seed_corpus/fuzz_sha3/cbc9da9e055d38308b60676a88176d604d011a00	413	data	6a4bd24c641aa993
fuzz/seed_corpus/fuzz_sha3/ce6e00049f647680d85280b5fd6e6e1dcf3c4241	169	data	927a0562eddfcdc4
fuzz/seed_corpus/fuzz_sha3/d47f2e1534d2c9c91857c9c775dc8327c4258c9a	4046	data	d9b20ccef83b1c59
fuzz/seed_corpus/fuzz_sha3/d4fe91c2d74b6dba57e8974a6aa06022aa4a7d08	2600	data	0cac87f0d3357c4e
fuzz/seed_corpus/fuzz_sha3/d669f47e3daf4665dd4307f5adbc5aceeb069ac3	4491	data	437766d466460d91
fuzz/seed_corpus/fuzz_sha3/d9349dbba5abbe66437b41170cf3062747a50b91	409	data	967092fe0f7c1b2e
fuzz/seed_corpus/fuzz_sha3/d9be6524a5f5047db5866813acf3277892a7a30a	4	ISO-8859 text, with no line terminators	ad95131bc0b799c0
fuzz/seed_corpus/fuzz_sha3/e4777c57de2cc13d2f9125d85d13863217a08a4d	2369	data	46b8023170571d84
fuzz/seed_corpus/fuzz_sha3/e60d7f7b25da5d52d96f8f9eb40a8ec260f74b39	546	data	3050da62596303d7
fuzz/seed_corpus/fuzz_sha3/e9bb125c4e67a7b2d6fbceaf4a2a0470f0f39ce4	411	data	bde8b0515c4db72b
fuzz/seed_corpus/fuzz_sha3/ef529e6df85728de07c4d27955b131579f510880	142	data	1eb4e431939e3e1f
fuzz/seed_corpus/fuzz_sha3/efa715a40e7197a231281339274de74e64618f86	4252	data	a278872c01b3e005
fuzz/seed_corpus/fuzz_sha3/f83bbc5601527042721d8ff87a158d1f14e664d4	961	data	247b4ad5861ceeb0
fuzz/seed_corpus/fuzz_sha3/faecd903760b9f49909cee212c34ef7cce2944ba	2351	data	8e76a5bce5d46d7f
fuzz/seed_corpus/fuzz_sha3/fdcc1252a5fdfcc0375c2a3839281bd759d509a5	673	data	4b7c2bdeec808ea7
fuzz/seed_corpus/fuzz_sha3/fdd5856b4b63f2e9ae9d9119cfb5d68cf1f6ae10	12	Non-ISO extended-ASCII text, with no line terminators	1ba3f40190ead42a
fuzz/seed_corpus/fuzz_sphincs/37d344f0d772bff1130868e8b8dd099d4b146b16	4	data	5a958464a32a92dc
fuzz/seed_corpus/fuzz_sphincs/4acf5137e8896d3de00cb2fe97cbbbd5c00ae443	2	data	5de58cf576405503
fuzz/seed_corpus/fuzz_sphincs/6f17caec9c04f4adef7d214f32e5db8dfd4839ef	21	data	d0a73d8c3b24cbae
fuzz/seed_corpus/fuzz_sphincs/77660cac74f8a961dd219591641d6d45e985de69	22	data	90426934f41bb0de
fuzz/seed_corpus/fuzz_sphincs/7efd9d84fbee07819253db73a5fc53fdaf1ccec4	31	data	8481e836727b0d80
fuzz/seed_corpus/fuzz_sphincs/b7cf33ce215efb96db13b856c3f7840d5b2ee2b4	13	data	7141738776601495
fuzz/seed_corpus/fuzz_sphincs/d89363e57daee7a77ae0fd882a5ef63fa84f0212	11	data	254b07aed4b1698b
fuzz/seed_corpus/fuzz_sphincs/da6f7fe462be7cacfbfc37be94e79ec9fcfebe7b	6	data	31eae74780b90423
fuzz/seed_corpus/fuzz_sphincs/de596e83bcc22c107810eaa40c94eaf9861166b4	7	data	c36514e5691cd62d
fuzz/seed_corpus/fuzz_sphincs/ff66be8e7f6aed4e498da65e60c9107545bb7e16	14	data	ea7c2d6c0e62c878
fuzz/seed_corpus/fuzz_sphincs/verify-exact-ff.bin	49937	data	1de465a219e7f626
fuzz/seed_corpus/fuzz_sphincs/verify-exact-prng.bin	49937	VAX-order 68k Blit mpx/mux executable	c11c68a0bff14035
fuzz/seed_corpus/fuzz_sphincs/verify-exact-zero.bin	49937	data	25e2ea4e5f1ba208
fuzz/seed_corpus/fuzz_sphincs/verify-fuzzed-sig-exact-ff.bin	49857	data	59198174224f5390
fuzz/seed_corpus/fuzz_sphincs/verify-fuzzed-sig-exact-prng.bin	49857	data	9b6a014dbbb714d6
fuzz/seed_corpus/fuzz_sphincs/verify-fuzzed-sig-exact-zero.bin	49857	data	c81a45113414a633
fuzz/seed_corpus/fuzz_sphincs/verify-fuzzed-sig-one-short.bin	49856	data	d535a0f72c519e82
fuzz/seed_corpus/fuzz_sphincs/verify-one-short.bin	49920	SVR2 pure executable (USS/370)	22991601f61a772a
fuzz/seed_corpus/fuzz_x25519/01ec548baccbe69625b54206ef7100f5ed03719f	33	data	7f9c9e31ac8256ca
fuzz/seed_corpus/fuzz_x25519/3173532552077d0d796c3628ac35c76343dc3a04	34	data	eb142b0cae0baa72
fuzz/seed_corpus/fuzz_x25519/427eada5386c430a75597deab0f2f8e76b17a5c8	43	data	859732b97382a085
fuzz/seed_corpus/fuzz_x25519/50900198f8a9048e1df2803fb9cec46295176807	65	data	d0bcbe8fdf2589fe
fuzz/seed_corpus/fuzz_x25519/5ba93c9db0cff93f52b521d7420e43f6eda2784f	1	very short file (no magic)	6e340b9cffb37a98
fuzz/seed_corpus/fuzz_x25519/707897b9d6b8839b2dedb59ba8a9a25e01c50589	65	data	9951c0bfe1684c24
fuzz/seed_corpus/fuzz_x25519/8696cf0f4655636cc93c566c1be2dad311da646c	36	data	6db65fd59fd356f6
fuzz/seed_corpus/fuzz_x25519/af7711a69e5180b6a41a2da1cb4c26c5524deb11	33	data	96ba1f824c155a1e
fuzz/seed_corpus/fuzz_x25519/e6c9527b4b252113aea553fbcdc5f15723ec6046	33	data	875f52a09296965d
