id	line	col	operator	original	replacement	pytest_rc	self_run_rc	status	seconds	last_output
1	73	10	str-const	"ama_cryptography/pqc_backends.py"	""	1	0	killed	1.2	FAILED tests/test_keygen_pct_gate.py::TestTheRule::test_an_unwired_entry_point_is_reported | !!!!!!!!!!!!!!!!!!!!!!!!!! stopping after 1 failures !!!!!!!!!!!!!!!!!!!!!!!!!!! | 1 failed, 1 passed in 0.25s
2	78	25	str-const	"pairwise_test_signature"	""	1	0	killed	1.1	FAILED tests/test_keygen_pct_gate.py::TestTheRule::test_a_direct_call_is_accepted | !!!!!!!!!!!!!!!!!!!!!!!!!! stopping after 1 failures !!!!!!!!!!!!!!!!!!!!!!!!!!! | 1 failed, 3 passed in 0.22s
3	78	52	str-const	"pairwise_test_kem"	""	1	0	killed	1.1	FAILED tests/test_keygen_pct_gate.py::TestTheRule::test_one_level_of_delegation_is_followed | !!!!!!!!!!!!!!!!!!!!!!!!!! stopping after 1 failures !!!!!!!!!!!!!!!!!!!!!!!!!!! | 1 failed, 2 passed in 0.22s
4	78	73	str-const	"pairwise_test_agreement"	""	1	0	killed	1.3	FAILED tests/test_keygen_pct_gate.py::TestTheRealTree::test_the_shipped_backend_is_fully_wired | !!!!!!!!!!!!!!!!!!!!!!!!!! stopping after 1 failures !!!!!!!!!!!!!!!!!!!!!!!!!!! | 1 failed, 12 passed in 0.43s
5	81	19	str-const	"keypair"	""	1	0	killed	1.2	FAILED tests/test_keygen_pct_gate.py::TestTheRealTree::test_the_shipped_backend_is_fully_wired | !!!!!!!!!!!!!!!!!!!!!!!!!! stopping after 1 failures !!!!!!!!!!!!!!!!!!!!!!!!!!! | 1 failed, 12 passed in 0.43s
6	81	30	str-const	"keygen"	""	1	0	killed	1.2	FAILED tests/test_keygen_pct_gate.py::TestTheRealTree::test_the_shipped_backend_is_fully_wired | !!!!!!!!!!!!!!!!!!!!!!!!!! stopping after 1 failures !!!!!!!!!!!!!!!!!!!!!!!!!!! | 1 failed, 12 passed in 0.43s
7	87	4	str-const	"_setup_deterministic_keygen_ctypes"	""	1	0	killed	1.3	FAILED tests/test_keygen_pct_gate.py::TestTheRealTree::test_the_shipped_backend_is_fully_wired | !!!!!!!!!!!!!!!!!!!!!!!!!! stopping after 1 failures !!!!!!!!!!!!!!!!!!!!!!!!!!! | 1 failed, 12 passed in 0.38s
8	91	4	str-const	"_keypair_pairwise_test"	""	1	0	killed	1.0	FAILED tests/test_keygen_pct_gate.py::TestTheRule::test_one_level_of_delegation_is_followed | !!!!!!!!!!!!!!!!!!!!!!!!!! stopping after 1 failures !!!!!!!!!!!!!!!!!!!!!!!!!!! | 1 failed, 2 passed in 0.20s
9	100	19	int-const	10	11	0	0	survived	2.0	..................                                                       [100%] | 18 passed in 0.91s
10	113	4	return-none	return names	return None	1	0	killed	1.0	FAILED tests/test_keygen_pct_gate.py::TestTheRule::test_an_unwired_entry_point_is_reported | !!!!!!!!!!!!!!!!!!!!!!!!!! stopping after 1 failures !!!!!!!!!!!!!!!!!!!!!!!!!!! | 1 failed, 1 passed in 0.22s
11	118	4	return-none	return bool(arm) and isinstance(arm[-1], ast.Raise)	return None	1	0	killed	1.0	FAILED tests/test_keygen_pct_gate.py::TestConditionalArms::test_an_arm_that_raises_releases_nothing | !!!!!!!!!!!!!!!!!!!!!!!!!! stopping after 1 failures !!!!!!!!!!!!!!!!!!!!!!!!!!! | 1 failed, 7 passed in 0.21s
12	118	21	boolop	and	or	1	0	killed	1.0	FAILED tests/test_keygen_pct_gate.py::TestConditionalArms::test_a_delegated_helper_with_a_dark_arm_is_not_a_helper | !!!!!!!!!!!!!!!!!!!!!!!!!! stopping after 1 failures !!!!!!!!!!!!!!!!!!!!!!!!!!! | 1 failed, 5 passed in 0.20s
13	118	41	int-const	1	2	1	0	killed	1.0	FAILED tests/test_keygen_pct_gate.py::TestConditionalArms::test_a_delegated_helper_with_a_dark_arm_is_not_a_helper | !!!!!!!!!!!!!!!!!!!!!!!!!! stopping after 1 failures !!!!!!!!!!!!!!!!!!!!!!!!!!! | 1 failed, 5 passed in 0.21s
14	134	15	not-removal	not 		1	0	killed	1.0	FAILED tests/test_keygen_pct_gate.py::TestConditionalArms::test_a_delegated_helper_with_a_dark_arm_is_not_a_helper | !!!!!!!!!!!!!!!!!!!!!!!!!! stopping after 1 failures !!!!!!!!!!!!!!!!!!!!!!!!!!! | 1 failed, 5 passed in 0.20s
15	135	16	loop-jump	continue	break	1	0	killed	1.0	FAILED tests/test_keygen_pct_gate.py::TestConditionalArms::test_earlier_conditionals_do_not_end_the_scan | !!!!!!!!!!!!!!!!!!!!!!!!!! stopping after 1 failures !!!!!!!!!!!!!!!!!!!!!!!!!!! | 1 failed, 9 passed in 0.23s
16	140	12	loop-jump	continue	break	1	0	killed	1.1	FAILED tests/test_keygen_pct_gate.py::TestConditionalArms::test_a_delegated_helper_with_a_dark_arm_is_not_a_helper | !!!!!!!!!!!!!!!!!!!!!!!!!! stopping after 1 failures !!!!!!!!!!!!!!!!!!!!!!!!!!! | 1 failed, 5 passed in 0.22s
17	142	11	not-removal	not 		1	0	killed	1.1	FAILED tests/test_keygen_pct_gate.py::TestConditionalArms::test_a_delegated_helper_with_a_dark_arm_is_not_a_helper | !!!!!!!!!!!!!!!!!!!!!!!!!! stopping after 1 failures !!!!!!!!!!!!!!!!!!!!!!!!!!! | 1 failed, 5 passed in 0.21s
18	143	12	loop-jump	continue	break	1	0	killed	1.1	FAILED tests/test_keygen_pct_gate.py::TestConditionalArms::test_earlier_conditionals_do_not_end_the_scan | !!!!!!!!!!!!!!!!!!!!!!!!!! stopping after 1 failures !!!!!!!!!!!!!!!!!!!!!!!!!!! | 1 failed, 9 passed in 0.24s
19	145	15	not-removal	not 		1	0	killed	1.1	FAILED tests/test_keygen_pct_gate.py::TestConditionalArms::test_a_delegated_helper_with_a_dark_arm_is_not_a_helper | !!!!!!!!!!!!!!!!!!!!!!!!!! stopping after 1 failures !!!!!!!!!!!!!!!!!!!!!!!!!!! | 1 failed, 5 passed in 0.21s
20	145	22	boolop	and	or	1	0	killed	1.0	FAILED tests/test_keygen_pct_gate.py::TestConditionalArms::test_a_delegated_helper_with_a_dark_arm_is_not_a_helper | !!!!!!!!!!!!!!!!!!!!!!!!!! stopping after 1 failures !!!!!!!!!!!!!!!!!!!!!!!!!!! | 1 failed, 5 passed in 0.21s
21	145	26	not-removal	not 		1	0	killed	1.0	FAILED tests/test_keygen_pct_gate.py::TestConditionalArms::test_a_delegated_helper_with_a_dark_arm_is_not_a_helper | !!!!!!!!!!!!!!!!!!!!!!!!!! stopping after 1 failures !!!!!!!!!!!!!!!!!!!!!!!!!!! | 1 failed, 5 passed in 0.20s
22	146	35	int-const	0	1	1	0	killed	1.0	FAILED tests/test_keygen_pct_gate.py::TestConditionalArms::test_a_delegated_helper_with_a_dark_arm_is_not_a_helper | !!!!!!!!!!!!!!!!!!!!!!!!!! stopping after 1 failures !!!!!!!!!!!!!!!!!!!!!!!!!!! | 1 failed, 5 passed in 0.20s
23	147	4	return-none	return sorted(missing)	return None	1	0	killed	1.0	FAILED tests/test_keygen_pct_gate.py::TestTheRule::test_an_unwired_entry_point_is_reported | !!!!!!!!!!!!!!!!!!!!!!!!!! stopping after 1 failures !!!!!!!!!!!!!!!!!!!!!!!!!!! | 1 failed, 1 passed in 0.20s
24	161	42	boolop	and	or	1	0	killed	1.0	FAILED tests/test_keygen_pct_gate.py::TestTheRule::test_two_levels_of_delegation_are_not_followed | !!!!!!!!!!!!!!!!!!!!!!!!!! stopping after 1 failures !!!!!!!!!!!!!!!!!!!!!!!!!!! | 1 failed, 4 passed in 0.20s
25	161	46	not-removal	not 		1	0	killed	1.0	FAILED tests/test_keygen_pct_gate.py::TestTheRule::test_one_level_of_delegation_is_followed | !!!!!!!!!!!!!!!!!!!!!!!!!! stopping after 1 failures !!!!!!!!!!!!!!!!!!!!!!!!!!! | 1 failed, 2 passed in 0.20s
26	163	4	return-none	return helpers	return None	1	0	killed	1.0	FAILED tests/test_keygen_pct_gate.py::TestTheRule::test_an_unwired_entry_point_is_reported | !!!!!!!!!!!!!!!!!!!!!!!!!! stopping after 1 failures !!!!!!!!!!!!!!!!!!!!!!!!!!! | 1 failed, 1 passed in 0.23s
27	174	11	not-removal	not 		1	0	killed	1.0	FAILED tests/test_keygen_pct_gate.py::TestTheRule::test_a_wired_entry_point_passes | !!!!!!!!!!!!!!!!!!!!!!!!!! stopping after 1 failures !!!!!!!!!!!!!!!!!!!!!!!!!!! | 1 failed in 0.20s
28	175	12	loop-jump	continue	break	1	0	killed	1.0	FAILED tests/test_keygen_pct_gate.py::TestTheRule::test_a_wired_entry_point_passes | !!!!!!!!!!!!!!!!!!!!!!!!!! stopping after 1 failures !!!!!!!!!!!!!!!!!!!!!!!!!!! | 1 failed in 0.18s
29	177	11	not-removal	not 		1	0	killed	1.0	FAILED tests/test_keygen_pct_gate.py::TestTheRule::test_a_wired_entry_point_passes | !!!!!!!!!!!!!!!!!!!!!!!!!! stopping after 1 failures !!!!!!!!!!!!!!!!!!!!!!!!!!! | 1 failed in 0.18s
30	177	26	compare	in	not in	1	0	killed	1.2	FAILED tests/test_keygen_pct_gate.py::TestTheRealTree::test_the_shipped_backend_is_fully_wired | !!!!!!!!!!!!!!!!!!!!!!!!!! stopping after 1 failures !!!!!!!!!!!!!!!!!!!!!!!!!!! | 1 failed, 12 passed in 0.40s
31	178	12	loop-jump	continue	break	1	0	killed	1.0	FAILED tests/test_keygen_pct_gate.py::TestTheRule::test_two_levels_of_delegation_are_not_followed | !!!!!!!!!!!!!!!!!!!!!!!!!! stopping after 1 failures !!!!!!!!!!!!!!!!!!!!!!!!!!! | 1 failed, 4 passed in 0.22s
32	179	21	compare	in	not in	1	0	killed	1.0	FAILED tests/test_keygen_pct_gate.py::TestTheRule::test_a_wired_entry_point_passes | !!!!!!!!!!!!!!!!!!!!!!!!!! stopping after 1 failures !!!!!!!!!!!!!!!!!!!!!!!!!!! | 1 failed in 0.19s
33	180	12	loop-jump	continue	break	1	0	killed	1.0	FAILED tests/test_keygen_pct_gate.py::TestTheRule::test_one_level_of_delegation_is_followed | !!!!!!!!!!!!!!!!!!!!!!!!!! stopping after 1 failures !!!!!!!!!!!!!!!!!!!!!!!!!!! | 1 failed, 2 passed in 0.19s
34	182	4	return-none	return sorted(out, key=lambda item: item[1])	return None	1	0	killed	1.0	FAILED tests/test_keygen_pct_gate.py::TestTheRule::test_a_wired_entry_point_passes | !!!!!!!!!!!!!!!!!!!!!!!!!! stopping after 1 failures !!!!!!!!!!!!!!!!!!!!!!!!!!! | 1 failed in 0.18s
35	182	45	int-const	1	2	1	0	killed	1.3	FAILED tests/test_keygen_pct_gate.py::TestTheRealTree::test_the_shipped_backend_is_fully_wired | !!!!!!!!!!!!!!!!!!!!!!!!!! stopping after 1 failures !!!!!!!!!!!!!!!!!!!!!!!!!!! | 1 failed, 12 passed in 0.36s
36	187	45	str-const	"utf-8"	""	1	0	killed	1.0	FAILED tests/test_keygen_pct_gate.py::TestTheRule::test_an_unwired_entry_point_is_reported | !!!!!!!!!!!!!!!!!!!!!!!!!! stopping after 1 failures !!!!!!!!!!!!!!!!!!!!!!!!!!! | 1 failed, 1 passed in 0.21s
37	193	11	not-removal	not 		1	0	killed	1.0	FAILED tests/test_keygen_pct_gate.py::TestTheRule::test_an_unwired_entry_point_is_reported | !!!!!!!!!!!!!!!!!!!!!!!!!! stopping after 1 failures !!!!!!!!!!!!!!!!!!!!!!!!!!! | 1 failed, 1 passed in 0.21s
38	193	37	boolop	or	and	1	0	killed	1.2	FAILED tests/test_keygen_pct_gate.py::TestTheRule::test_one_level_of_delegation_is_followed | !!!!!!!!!!!!!!!!!!!!!!!!!! stopping after 1 failures !!!!!!!!!!!!!!!!!!!!!!!!!!! | 1 failed, 2 passed in 0.22s
39	204	4	return-none	return sorted(unwired, key=lambda item: (item[1], item[0])), len(entry_points)	return None	1	0	killed	1.1	FAILED tests/test_keygen_pct_gate.py::TestTheRule::test_an_unwired_entry_point_is_reported | !!!!!!!!!!!!!!!!!!!!!!!!!! stopping after 1 failures !!!!!!!!!!!!!!!!!!!!!!!!!!! | 1 failed, 1 passed in 0.19s
40	204	50	int-const	1	2	1	0	killed	1.1	FAILED tests/test_keygen_pct_gate.py::TestTheRule::test_an_unwired_entry_point_is_reported | !!!!!!!!!!!!!!!!!!!!!!!!!! stopping after 1 failures !!!!!!!!!!!!!!!!!!!!!!!!!!! | 1 failed, 1 passed in 0.24s
41	204	59	int-const	0	1	0	0	survived	2.0	..................                                                       [100%] | 18 passed in 0.92s
42	209	24	str-const	"--root"	""	1	0	killed	1.2	FAILED tests/test_keygen_pct_gate.py::TestConditionalArms::test_the_cli_names_the_arm | !!!!!!!!!!!!!!!!!!!!!!!!!! stopping after 1 failures !!!!!!!!!!!!!!!!!!!!!!!!!!! | 1 failed, 11 passed in 0.26s
43	209	58	str-const	"repository root"	""	0	0	survived	2.2	..................                                                       [100%] | 18 passed in 0.97s
44	214	7	not-removal	not 		1	0	killed	1.1	FAILED tests/test_keygen_pct_gate.py::TestConditionalArms::test_the_cli_names_the_arm | !!!!!!!!!!!!!!!!!!!!!!!!!! stopping after 1 failures !!!!!!!!!!!!!!!!!!!!!!!!!!! | 1 failed, 11 passed in 0.23s
45	216	8	return-none	return 1	return None	1	0	killed	1.8	FAILED tests/test_keygen_pct_gate.py::TestTheRealTree::test_a_missing_backend_fails_closed | !!!!!!!!!!!!!!!!!!!!!!!!!! stopping after 1 failures !!!!!!!!!!!!!!!!!!!!!!!!!!! | 1 failed, 17 passed in 0.85s
46	216	15	int-const	1	2	1	0	killed	1.7	FAILED tests/test_keygen_pct_gate.py::TestTheRealTree::test_a_missing_backend_fails_closed | !!!!!!!!!!!!!!!!!!!!!!!!!! stopping after 1 failures !!!!!!!!!!!!!!!!!!!!!!!!!!! | 1 failed, 17 passed in 0.89s
47	220	16	compare	<	>=	1	0	killed	1.1	FAILED tests/test_keygen_pct_gate.py::TestConditionalArms::test_the_cli_names_the_arm | !!!!!!!!!!!!!!!!!!!!!!!!!! stopping after 1 failures !!!!!!!!!!!!!!!!!!!!!!!!!!! | 1 failed, 11 passed in 0.23s
48	227	8	return-none	return 1	return None	1	0	killed	1.8	FAILED tests/test_keygen_pct_gate.py::TestTheRealTree::test_a_collapsed_scope_fails_closed | !!!!!!!!!!!!!!!!!!!!!!!!!! stopping after 1 failures !!!!!!!!!!!!!!!!!!!!!!!!!!! | 1 failed, 16 passed in 0.95s
49	227	15	int-const	1	2	1	0	killed	1.6	FAILED tests/test_keygen_pct_gate.py::TestTheRealTree::test_a_collapsed_scope_fails_closed | !!!!!!!!!!!!!!!!!!!!!!!!!! stopping after 1 failures !!!!!!!!!!!!!!!!!!!!!!!!!!! | 1 failed, 16 passed in 0.82s
50	246	8	return-none	return 1	return None	1	0	killed	1.1	FAILED tests/test_keygen_pct_gate.py::TestConditionalArms::test_the_cli_names_the_arm | !!!!!!!!!!!!!!!!!!!!!!!!!! stopping after 1 failures !!!!!!!!!!!!!!!!!!!!!!!!!!! | 1 failed, 11 passed in 0.23s
51	246	15	int-const	1	2	1	0	killed	1.1	FAILED tests/test_keygen_pct_gate.py::TestConditionalArms::test_the_cli_names_the_arm | !!!!!!!!!!!!!!!!!!!!!!!!!! stopping after 1 failures !!!!!!!!!!!!!!!!!!!!!!!!!!! | 1 failed, 11 passed in 0.23s
52	252	4	return-none	return 0	return None	1	0	killed	1.6	FAILED tests/test_keygen_pct_gate.py::TestTheRealTree::test_the_cli_reports_success | !!!!!!!!!!!!!!!!!!!!!!!!!! stopping after 1 failures !!!!!!!!!!!!!!!!!!!!!!!!!!! | 1 failed, 15 passed in 0.80s
53	252	11	int-const	0	1	1	0	killed	1.7	FAILED tests/test_keygen_pct_gate.py::TestTheRealTree::test_the_cli_reports_success | !!!!!!!!!!!!!!!!!!!!!!!!!! stopping after 1 failures !!!!!!!!!!!!!!!!!!!!!!!!!!! | 1 failed, 15 passed in 0.81s
54	255	12	compare	==	!=	1	0	killed	1.0	ERROR tests/test_keygen_pct_gate.py::TestTheRule::test_a_wired_entry_point_passes | !!!!!!!!!!!!!!!!!!!!!!!!!! stopping after 1 failures !!!!!!!!!!!!!!!!!!!!!!!!!!! | 1 error in 0.23s
55	255	15	str-const	"__main__"	""	0	0	survived	1.6	..................                                                       [100%] | 18 passed in 0.82s
# target=tools/check_keygen_pct.py tests=tests/test_keygen_pct_gate.py self_run=True mutants=55 killed=51 survived=4 timeout=0 kill_rate=0.927 wall_s=67
