family	parameter	detector	tpr_or_detected	fpr	step_delay_samples	repeats	step_excess_alarm_rate
clean	-	3R	-	0.0077	-	1	-
clean	-	baseline	-	0.0262	-	1	-
point	x1.5	3R	0.505	0.0034	-	5	-
point	x1.5	baseline	0.960	0.0184	-	5	-
point	x2.0	3R	0.860	0.0017	-	5	-
point	x2.0	baseline	1.000	0.0135	-	5	-
point	x3.0	3R	0.995	0.0019	-	5	-
point	x3.0	baseline	1.000	0.0093	-	5	-
point	x5.0	3R	1.000	0.0016	-	5	-
point	x5.0	baseline	1.000	0.0096	-	5	-
point	x10.0	3R	1.000	0.0019	-	5	-
point	x10.0	baseline	1.000	0.0084	-	5	-
burst	x1.5	3R	0.540	0.0071	-	5	-
burst	x1.5	baseline	0.440	0.0255	-	5	-
burst	x2.0	3R	0.990	0.0049	-	5	-
burst	x2.0	baseline	0.520	0.0255	-	5	-
burst	x3.0	3R	1.000	0.0050	-	5	-
burst	x3.0	baseline	0.530	0.0257	-	5	-
step	+5%	3R	1	0.0074	20	1	+0.0010
step	+5%	baseline	0	0.0268	-1	1	+0.0000
step	+10%	3R	1	0.0074	20	1	+0.0010
step	+10%	baseline	0	0.0268	-1	1	+0.0000
step	+30%	3R	1	0.0074	20	1	+0.0010
step	+30%	baseline	1	0.0268	0	1	+0.0020
step	+100%	3R	1	0.0074	0	1	+0.0030
step	+100%	baseline	1	0.0268	0	1	+0.0055
# benign_n=4000 median_ms=0.3294 mad_ms=0.0077 seed=394
